id,Type,Years,DocCount,Degree1,Degree1_norm,Eig1,Betw1,Close1
三菱公司,ORG,"1882, 1888, 1884, 1896, 1886, 1885, 1887, 1915, 1883, 1918, 1881, 1914",18,3,0.0032858707557502738,5.476939984794213e-5,715,4.470272686633885e-4
上海絲業會館,ORG,"1884, 1885, 1883, 1881, 1901, 1889, 1913, 1915, 1887, 1892, 1886, 1898, 1918, 1924, 1916, 1906",39,4,0.004381161007667032,0.006852105517713805,765.273200911871,6.389776357827476e-4
上海縣署,ORG,"1918, 1926, 1920, 1915, 1921, 1922, 1927, 1914, 1919, 1917, 1925, 1924, 1916, 1928, 1895, 1900, 1891, 1887, 1911, 1923, 1913, 1886, 1901, 1903, 1899, 1885, 1904, 1910, 1902, 1888, 1896, 1881, 1905, 1897, 1883, 1898, 1909, 1882, 1906, 1879, 1889, 1884, 1880, 1907, 1890, 1878",361,14,0.015334063526834611,0.0414039519894276,3173.110819680363,7.818608287724785e-4
上海電報局,ORG,"1935, 1884, 1917, 1914, 1881, 1936, 1930, 1937, 1923, 1931, 1920, 1913, 1924, 1927, 1934, 1926, 1904",28,2,0.002190580503833516,0.0012864790094408772,358,5.194805194805195e-4
上海電線行,ORG,1872,71,19,0.0208105147864184,0.7095381627821977,3234.2648954760007,8.703220191470844e-4
中和洋行,ORG,"1874, 1911, 1914, 1915, 1904, 1884, 1897, 1875",11,3,0.0032858707557502738,0.1118337299628394,170.8060144713788,7.867820613690008e-4
中國保險公司,ORG,"1934, 1873, 1936, 1935, 1927, 1931",6,1,0.001095290251916758,0.004637406645775213,0,5.425935973955507e-4
中外衆國保險公司,ORG,1873,6,2,0.002190580503833516,0.0416066966467977,3.273431055747083,6.184291898577613e-4
中庸洋行,ORG,"1878, 1919, 1905, 1900, 1903, 1901, 1888, 1930, 1899",10,1,0.001095290251916758,0.002761443460342092,0,5.837711617046118e-4
久大,ORG,"1925, 1915, 1899, 1881, 1922, 1931, 1921",9,1,0.001095290251916758,0,0,1
亞士,PERSON,"1881, 1908, 1886, 1901, 1930, 1940, 1939",9,2,0.002190580503833516,0.03901377306522028,61.27622852657526,6.626905235255136e-4
亞士洋行,ORG,"1898, 1899, 1884, 1916",6,0,0,0,0,NA
交通部,ORG,"1930, 1928, 1935, 1914, 1918, 1948, 1919, 1917, 1925, 1936, 1933, 1923, 1915, 1929, 1927, 1913, 1922, 1947, 1921, 1934, 1920, 1924, 1931, 1940, 1939, 1932, 1926, 1937, 1916, 1912, 1945, 1946, 1941, 1883",359,2,0.002190580503833516,0,1,0.5
亨達利洋行,ORG,"1922, 1918, 1927, 1920, 1929, 1928, 1873, 1901, 1872, 1886",14,0,0,0,0,NA
京貨店,ORG,"1908, 1910, 1878, 1913, 1923, 1904, 1880, 1912, 1875",10,2,0.002190580503833516,0.032097507897869144,122.35317607080694,7.369196757553427e-4
仁泰棧,ORG,1872,5,4,0.004381161007667032,0.2337961681086872,13.205325682914385,6.464124111182935e-4
仁濟醫院,ORG,"1918, 1907, 1947, 1894, 1891, 1927, 1933, 1915, 1893, 1886, 1924, 1938, 1909, 1922, 1884, 1935, 1908, 1925, 1889, 1923, 1902, 1912, 1917, 1919, 1929, 1921, 1885, 1926, 1946, 1928, 1934, 1892, 1911, 1936, 1941, 1930, 1881, 1910, 1879, 1898, 1931, 1906, 1914, 1940, 1949, 1939, 1932, 1913, 1937, 1916, 1876, 1880",183,6,0.0065717415115005475,0.03309734319162161,1489.509832039259,7.423904974016332e-4
仁濟醫館,ORG,"1878, 1887, 1895, 1899, 1894, 1903, 1881, 1904, 1882, 1902, 1900, 1884, 1874, 1880, 1897, 1883",29,8,0.008762322015334063,0.03981876920875089,2140.694276812,7.77000777000777e-4
代利行,ORG,1872,7,5,0.00547645125958379,0.10699080596039767,332.8520927867822,7.930214115781126e-4
伊友,PERSON,"1920, 1917, 1916, 1899, 1883",6,0,0,0,0,NA
伊夫,PERSON,"1936, 1915, 1916, 1913, 1930, 1929, 1906, 1927, 1914, 1872",12,0,0,0,0,NA
伊子,PERSON,"1889, 1915, 1920, 1922, 1899, 1917, 1895, 1904, 1897, 1919, 1901, 1886, 1916, 1903, 1911, 1918, 1908, 1912, 1914, 1902, 1905, 1907, 1898, 1906, 1878, 1940, 1921, 1927",42,1,0.001095290251916758,7.609654431158218e-4,0,4.82392667631452e-4
伏乞,PERSON,"1935, 1915, 1946, 1874, 1885",5,0,0,0,0,NA
伏祈,PERSON,"1881, 1878, 1913, 1926, 1917, 1933, 1935",9,0,0,0,0,NA
何子澄,PERSON,1872,5,8,0.008762322015334063,0.20622448710328173,400.02786310498396,7.412898443291327e-4
何阿四,PERSON,"1881, 1889, 1929, 1928, 1931",5,1,0.001095290251916758,0.00807141415965805,0,6.968641114982578e-4
何阿春,PERSON,"1903, 1904, 1902, 1901, 1905, 1920, 1874, 1919, 1914, 1907",21,0,0,0,0,NA
余友,PERSON,"1876, 1926, 1892, 1927, 1932",7,0,0,0,0,NA
保安善堂,ORG,"1889, 1894, 1883, 1880, 1882, 1892, 1890, 1907",8,0,0,0,0,NA
保德洋行,ORG,"1872, 1873",7,5,0.00547645125958379,0.32443190057668647,8.340504486934876,6.43915003219575e-4
保甲分局,ORG,"1888, 1893, 1895, 1898, 1890, 1894, 1896, 1891, 1876",11,0,0,0,0,NA
保甲總局,ORG,"1899, 1892, 1887, 1905, 1891, 1893, 1889, 1894, 1876, 1886, 1884, 1901, 1888, 1898, 1903, 1902, 1904, 1895, 1897, 1896, 1885, 1890, 1908, 1900, 1881, 1877, 1879, 1906, 1883, 1880",190,7,0.0076670317634173054,0.004523964508135893,815.6467220098884,6.30119722747322e-4
保險公司,ORG,"1872, 1922, 1918, 1932, 1873, 1925, 1927",12,6,0.0065717415115005475,0.35450996961049286,26.26943462419475,6.626905235255136e-4
俞允,PERSON,"1890, 1907, 1881, 1920, 1910, 1908, 1934",7,0,0,0,0,NA
信隆,PERSON,"1926, 1897, 1893, 1878",7,0,0,0,0,NA
元亨洋行,ORG,"1899, 1882, 1903, 1893, 1898, 1897, 1902, 1892, 1881, 1875, 1896, 1909, 1928, 1904, 1935, 1890, 1941",21,0,0,0,0,NA
元吉,PERSON,"1893, 1911, 1883, 1935, 1928, 1875, 1946",7,1,0.001095290251916758,0.002552865476727994,0,6.101281269066504e-4
元和,PERSON,"1876, 1898, 1917, 1879, 1914, 1904, 1894, 1891, 1932",11,0,0,0,0,NA
元和縣署,ORG,"1905, 1879, 1896, 1900, 1892, 1878, 1876, 1907",9,0,0,0,0,NA
元妙觀,PERSON,"1877, 1874, 1925, 1920, 1924, 1912, 1923",8,0,0,0,0,NA
元芳,PERSON,"1888, 1884, 1896, 1883, 1939, 1927, 1897, 1898, 1946",10,1,0.001095290251916758,0.0471256388102868,0,6.333122229259025e-4
元芳洋行,ORG,"1919, 1888, 1872, 1896, 1883, 1916, 1892, 1929, 1923, 1901, 1891, 1873, 1884",62,15,0.01642935377875137,0.6130003003490951,3994.6610946348965,8.19000819000819e-4
元芳行,PERSON,"1872, 1896",6,10,0.01095290251916758,0.3296535779969185,699.3980123295624,7.304601899196494e-4
元豐,ORG,"1884, 1898, 1933, 1897, 1905, 1934",6,1,0.001095290251916758,0,0,1
兆豐洋行,ORG,"1899, 1908, 1884, 1900, 1903, 1891, 1885, 1892, 1913, 1882",15,1,0.001095290251916758,0.07687702401360894,0,6.397952655150352e-4
全亨店,ORG,1872,6,1,0.001095290251916758,0.04351555340006923,0,6.680026720106881e-4
全泰盛信局,ORG,"1890, 1883, 1886, 1898, 1897, 1884, 1885, 1927, 1900, 1901, 1894, 1887, 1889",33,9,0.009857612267250822,0.006286046102623906,1858.3276082627806,5.934718100890207e-4
全隆洋行,ORG,"1910, 1899, 1898, 1901, 1937, 1893, 1879, 1923",8,0,0,0,0,NA
公信洋行,ORG,"1897, 1896, 1872, 1907, 1935, 1898, 1908",9,1,0.001095290251916758,0.04564477177864363,0,5.737234652897303e-4
公平洋行,ORG,"1924, 1900, 1881, 1899, 1887, 1904, 1875, 1898, 1903, 1894, 1885, 1882, 1923, 1879, 1916, 1872, 1912, 1930, 1873, 1922, 1934, 1931, 1896, 1927, 1932, 1942, 1937",45,8,0.008762322015334063,0.1564481245458504,1532.9313417477933,8.285004142502071e-4
公茂洋行,ORG,"1898, 1904, 1879, 1929, 1872, 1897",8,5,0.00547645125958379,0.2834947843246623,323.3992688665076,7.457121551081282e-4
公董局,ORG,"1942, 1934, 1936, 1940, 1937, 1935, 1939, 1938, 1926, 1913, 1929, 1946, 1914, 1943, 1928, 1944, 1922, 1881, 1905, 1889, 1878, 1897, 1898, 1923, 1907, 1888, 1917, 1918, 1903, 1933, 1887, 1925, 1909, 1927, 1941, 1920, 1924, 1947, 1915, 1930, 1932",123,1,0.001095290251916758,0.0018514082770817255,0,5.157297576070139e-4
具呈,PERSON,"1901, 1900, 1902, 1930, 1879, 1927",6,0,0,0,0,NA
刑司,ORG,"1902, 1885, 1898, 1882, 1888, 1905",7,0,0,0,0,NA
刑署,ORG,"1882, 1891, 1890",5,0,0,0,0,NA
刑部,ORG,"1890, 1896, 1884, 1895, 1904, 1886, 1888, 1880, 1889, 1897, 1905, 1893, 1903, 1906, 1881, 1877, 1909, 1885",30,17,0.018619934282584884,0.009102813278749622,6050.0002797542365,6.531678641410843e-4
刺史,PERSON,"1877, 1886, 1897, 1898, 1878, 1904, 1884, 1876",12,3,0.0032858707557502738,0.0038872213002374306,181.3483352205284,6.222775357809583e-4
劉三,PERSON,"1885, 1889, 1918, 1883, 1915, 1891, 1887, 1923, 1886, 1924, 1921, 1941, 1929",16,1,0.001095290251916758,0.03682922916437493,0,6.891798759476223e-4
劉伶,PERSON,"1893, 1882, 1892, 1924",6,0,0,0,0,NA
劉四,PERSON,"1922, 1892, 1893, 1884, 1926",8,1,0.001095290251916758,6.997971950219046e-4,0,5.293806246691371e-4
劉大,PERSON,"1916, 1915, 1908, 1899, 1935, 1947, 1932, 1884, 1928",11,1,0.001095290251916758,6.99797195021917e-4,0,5.293806246691371e-4
劉猛,PERSON,"1923, 1899, 1891, 1872, 1940",5,3,0.0032858707557502738,0.05226062711874912,10.30630003842919,6.64451827242525e-4
劉王,PERSON,"1922, 1940, 1877, 1942, 1889, 1910, 1892, 1920, 1907, 1930, 1931, 1932",14,0,0,0,0,NA
劉觀察,PERSON,"1908, 1881, 1891, 1910, 1911, 1895, 1879, 1894, 1887, 1892, 1907",22,5,0.00547645125958379,0.028627959123275943,1992.3799236361044,7.930214115781126e-4
劉邑尊,PERSON,"1890, 1876, 1894, 1893, 1897",5,0,0,0,0,NA
劉長生,PERSON,"1911, 1882, 1896, 1921, 1939, 1931",6,1,0.001095290251916758,0.0031830126113495754,0,6.108735491753207e-4
劉阿三,PERSON,"1915, 1899, 1901, 1884, 1900, 1903, 1933, 1890, 1894, 1887, 1896, 1907, 1932",17,0,0,0,0,NA
劉阿二,PERSON,"1928, 1917, 1915, 1892, 1912, 1901, 1879, 1903, 1902, 1896, 1935, 1920, 1922, 1932",18,1,0.001095290251916758,0.00807141415965806,0,6.968641114982578e-4
劉阿榮,PERSON,"1878, 1929, 1902, 1912",5,0,0,0,0,NA
劉阿福,PERSON,"1903, 1911, 1880, 1910, 1932, 1891",7,0,0,0,0,NA
劉陳,PERSON,"1910, 1881, 1932, 1912, 1936, 1928, 1935, 1944, 1930",10,1,0.001095290251916758,0.0030611484766534976,0,6.079027355623101e-4
劉雲生,PERSON,"1900, 1890, 1883, 1905, 1929, 1914",7,0,0,0,0,NA
北市盆湯弄絲業會館,ORG,1883,14,8,0.008762322015334063,0.006084512035930628,1651.6808027556804,5.64652738565782e-4
匯豊銀行,ORG,"1894, 1903, 1899, 1886, 1889, 1908, 1890, 1912, 1891, 1911, 1884, 1901, 1896, 1888, 1926, 1942, 1877, 1900, 1936, 1895, 1921, 1929, 1925, 1916, 1920, 1909, 1906, 1931, 1923, 1939, 1947, 1919, 1915, 1940, 1893, 1930, 1932, 1897, 1933, 1937, 1922, 1934",57,0,0,0,0,NA
協盛,ORG,"1875, 1901, 1925, 1907",5,1,0.001095290251916758,0.03125281934012916,0,7.358351729212656e-4
南市十六舖巡防局,ORG,"1901, 1899, 1900, 1902, 1896, 1904, 1897, 1898, 1892, 1887, 1889, 1890, 1893, 1894, 1884, 1886, 1877, 1905",56,1,0.001095290251916758,0,0,1
南貨店,ORG,"1934, 1906, 1917, 1946, 1915, 1882, 1876, 1890, 1901, 1933, 1940",11,1,0.001095290251916758,0,0,1
卞制軍,PERSON,"1889, 1884, 1890, 1896, 1891, 1893",8,0,0,0,0,NA
原洋,PERSON,"1912, 1879, 1894, 1932, 1910, 1926, 1914, 1893, 1918",10,0,0,0,0,NA
司德璀,PERSON,1884,11,1,0.001095290251916758,4.210508467311184e-6,0,3.853564547206166e-4
司馬,PERSON,"1904, 1896, 1887, 1901, 1894, 1902, 1893, 1903, 1898, 1878, 1888, 1879, 1880, 1900, 1924, 1909, 1906, 1905, 1899, 1885, 1891, 1910, 1886, 1936, 1877, 1939, 1935, 1944, 1927, 1915, 1946, 1921, 1938, 1895, 1911, 1889, 1916, 1923, 1943",276,5,0.00547645125958379,0.035920270012705945,604.6988635192855,7.380073800738007e-4
同仁善堂,ORG,"1878, 1927, 1930, 1915, 1913, 1939, 1920, 1916",11,0,0,0,0,NA
同仁輔元堂,ORG,"1894, 1895, 1901, 1933, 1891, 1900, 1926, 1930, 1876, 1925, 1922, 1878, 1889, 1931, 1908, 1936, 1927, 1940, 1938, 1923, 1928, 1932, 1934, 1917, 1896, 1921, 1892, 1890, 1916, 1918, 1920, 1883, 1884, 1893, 1887, 1882, 1886, 1885, 1947, 1942, 1939",66,4,0.004381161007667032,0.002702549048899094,1071,6.277463904582549e-4
同仁醫院,ORG,"1927, 1910, 1908, 1884, 1928, 1909, 1914, 1915, 1919, 1921, 1898, 1916, 1925, 1901, 1895, 1913, 1922, 1929, 1934, 1904, 1896, 1893, 1894, 1900, 1935, 1885, 1931, 1911, 1905, 1897, 1902, 1903, 1923, 1933, 1887, 1932, 1936, 1906, 1930, 1917, 1912, 1907, 1940, 1939, 1941, 1937, 1938, 1924, 1920, 1918, 1926, 1882",205,1,0.001095290251916758,0,0,1
同孚洋行,ORG,"1872, 1909, 1873",46,12,0.013143483023001095,0.5747371631872246,588.7018263971648,7.892659826361484e-4
同孚行,ORG,"1872, 1873",11,4,0.004381161007667032,0.10807938946950879,57.0009386283836,6.872852233676976e-4
吏部,ORG,"1889, 1888, 1948, 1910, 1908, 1900, 1907, 1872, 1909",9,1,0.001095290251916758,0.006837854721497324,0,5.509641873278236e-4
向章,PERSON,"1922, 1923, 1920, 1873, 1929",6,0,0,0,0,NA
向索,PERSON,"1899, 1901, 1880, 1921, 1928, 1918, 1897, 1881, 1894, 1905, 1896, 1889",13,1,0.001095290251916758,0.008071414159658055,0,6.968641114982578e-4
吳和尙,PERSON,"1913, 1918, 1925, 1884, 1912",5,0,0,0,0,NA
吳少山,PERSON,"1893, 1883, 1922, 1929, 1931",5,0,0,0,0,NA
吳春榮,PERSON,"1926, 1901, 1879, 1931, 1935",6,0,0,0,0,NA
吳楊,PERSON,"1923, 1901, 1883, 1897, 1937, 1886, 1914, 1931, 1928, 1927",10,1,0.001095290251916758,0,0,0.3333333333333333
吳生,PERSON,"1900, 1927, 1938, 1913, 1921, 1872, 1936",10,5,0.00547645125958379,0.14335982625777516,30.746011847161547,6.844626967830253e-4
吳觀察,PERSON,"1911, 1899, 1889, 1884, 1910, 1904, 1914",8,0,0,0,0,NA
吳邑尊,PERSON,"1890, 1879, 1877, 1883, 1897",5,0,0,0,0,NA
吳阿二,PERSON,"1891, 1897, 1918, 1902, 1903, 1876, 1910, 1922, 1889, 1930, 1929, 1932, 1907, 1933",16,0,0,0,0,NA
吳阿榮,PERSON,"1929, 1901, 1877, 1906, 1911, 1914, 1928",7,0,0,0,0,NA
呂宋,PERSON,"1890, 1933, 1885, 1932, 1872, 1934, 1916, 1931, 1929, 1939",15,0,0,0,0,NA
呂布,PERSON,"1872, 1934, 1928, 1929, 1939, 1927, 1940, 1946",11,1,0.001095290251916758,0,0,0.14285714285714285
周天盛,PERSON,1881,5,0,0,0,0,NA
周少卿,PERSON,"1914, 1878, 1902, 1900, 1931",6,0,0,0,0,NA
周某,PERSON,"1894, 1928, 1917, 1915, 1929, 1914, 1918, 1873, 1926, 1927",10,1,0.001095290251916758,0.012027266227595387,0,6.389776357827476e-4
周桂生,PERSON,"1917, 1920, 1878, 1900, 1904, 1925, 1924, 1898, 1891, 1930, 1948",14,0,0,0,0,NA
周浦,PERSON,"1907, 1887, 1891, 1883, 1914, 1933, 1890, 1934, 1948, 1926, 1937",14,2,0.002190580503833516,9.510116950794443e-4,11.578412612820829,4.923682914820286e-4
周王,PERSON,"1920, 1886, 1915, 1900, 1913, 1904, 1924, 1878, 1912, 1905, 1893, 1934, 1927, 1948, 1921",15,0,0,0,0,NA
周瑞生,PERSON,"1881, 1908, 1898, 1894, 1935",7,4,0.004381161007667032,0.05023940780127037,524.4991639442212,7.674597083653108e-4
周福生,PERSON,"1916, 1911, 1900, 1941, 1907, 1924, 1879, 1915, 1893, 1897, 1934, 1929",12,0,0,0,0,NA
周紀生,PERSON,"1909, 1920, 1884, 1936, 1888",8,0,0,0,0,NA
周萬,PERSON,"1913, 1884, 1921, 1924, 1898, 1897",6,1,0.001095290251916758,4.8325251718209754e-4,0,4.894762604013706e-4
周阿三,PERSON,"1908, 1911, 1905, 1903, 1912, 1902, 1879, 1918, 1886, 1947, 1900, 1920, 1927",19,0,0,0,0,NA
周阿二,PERSON,"1913, 1902, 1904, 1903, 1896, 1900, 1908, 1898, 1884, 1926, 1928",17,1,0.001095290251916758,0.0025444252473289432,0,5.865102639296188e-4
周阿才,PERSON,"1893, 1902, 1879, 1886, 1892, 1912",7,0,0,0,0,NA
周阿生,PERSON,"1904, 1915, 1879, 1913, 1931",5,0,0,0,0,NA
周馥,PERSON,"1907, 1872, 1917, 1891, 1943, 1908",7,0,0,0,0,NA
周鳳歧,PERSON,"1874, 1927, 1945, 1925, 1924",5,0,0,0,0,NA
周鳳鳴,PERSON,"1883, 1921, 1928, 1924, 1933",5,1,0.001095290251916758,2.0776392813016435e-4,0,5.125576627370579e-4
哈華托,PERSON,"1912, 1911, 1916, 1910, 1893, 1897, 1903, 1904, 1905, 1895, 1889, 1900, 1874, 1899, 1902, 1888, 1901, 1914, 1932, 1918, 1923, 1924, 1881, 1909, 1873, 1885, 1890, 1921, 1931",72,3,0.0032858707557502738,0.048179370320652386,112.1389822636739,6.939625260235947e-4
唐之,PERSON,"1917, 1923, 1878, 1927, 1926, 1925",7,1,0.001095290251916758,0.03831708647211143,0,6.600660066006601e-4
唐六如,PERSON,"1884, 1924, 1933, 1916",10,0,0,0,0,NA
唐某,PERSON,"1895, 1917, 1924, 1922, 1878, 1915, 1930, 1921, 1931",9,1,0.001095290251916758,0.038317086472111433,0,6.600660066006601e-4
唐雲卿,PERSON,"1884, 1924, 1904, 1922, 1926, 1925, 1930",11,1,0.001095290251916758,0,0,1
啟昌洋行,ORG,1872,5,1,0.001095290251916758,0.04351555340006921,0,6.680026720106881e-4
善後局,ORG,"1891, 1901, 1885, 1876, 1925, 1898, 1907, 1883, 1928",10,0,0,0,0,NA
嚴嵩,PERSON,"1872, 1929, 1926, 1939, 1940, 1928, 1923, 1925, 1946",12,0,0,0,0,NA
嚴比,PERSON,"1902, 1893, 1901, 1904, 1900, 1898, 1897, 1899, 1905, 1882",20,0,0,0,0,NA
嚴茂生,PERSON,"1908, 1910, 1881, 1904",5,0,0,0,0,NA
嚴頌眉,PERSON,"1894, 1898, 1881, 1886, 1887, 1885, 1889, 1884, 1899, 1900, 1897, 1883, 1901, 1892",45,7,0.0076670317634173054,0.04392612702611041,3548.8569525369276,7.58150113722517e-4
國英公司,ORG,"1872, 1873",9,6,0.0065717415115005475,0.3212569266953697,143.17195437837512,6.863417982155113e-4
地亞士洋行,ORG,"1881, 1893, 1909, 1887, 1900, 1903, 1901",9,3,0.0032858707557502738,0.009062351229744806,50.32216682269065,6.397952655150352e-4
士四脫美,PERSON,"1872, 1873",15,12,0.013143483023001095,0.2755706205838077,698.643622354003,6.91085003455425e-4
壳件洋行,ORG,"1899, 1900, 1904, 1905, 1922, 1898, 1927, 1911, 1881, 1906",14,2,0.002190580503833516,0.003433179714336173,86.06299424694753,5.970149253731343e-4
夏供,PERSON,"1905, 1884, 1894, 1911, 1902, 1903, 1887",9,0,0,0,0,NA
大英公司,ORG,"1872, 1923, 1924, 1935, 1931, 1922, 1939, 1930",19,3,0.0032858707557502738,0.13211524259636157,23.19790381071279,6.489292667099286e-4
大英書信館,ORG,"1922, 1872",6,2,0.002190580503833516,0.06932414499349517,2.4723173083172854,5.777007510109763e-4
大英醫院,ORG,"1872, 1915, 1923, 1914, 1913, 1898, 1929",11,0,0,0,0,NA
大華藥房,ORG,"1931, 1930, 1933, 1935, 1932, 1929, 1872, 1925",15,0,0,0,0,NA
大藥房,ORG,"1879, 1890, 1946, 1933, 1898, 1930, 1924, 1931, 1934, 1926, 1916, 1873, 1932, 1927",19,2,0.002190580503833516,0.09404391694299555,161.8015538258983,7.993605115907274e-4
天和洋行,ORG,"1878, 1918, 1935",5,1,0.001095290251916758,0.0033956353676120976,0,5.254860746190226e-4
天祥洋行,ORG,"1887, 1896, 1886, 1883, 1901, 1878, 1927, 1897, 1873, 1900, 1922, 1939, 1929, 1925, 1915",20,5,0.00547645125958379,0.03580649547393421,926.8529607680348,7.401924500370096e-4
天裕洋行,ORG,"1886, 1887, 1875",5,1,0.001095290251916758,0,0,0.3333333333333333
太古洋行,ORG,"1919, 1885, 1932, 1888, 1887, 1946, 1908, 1909, 1922, 1924, 1930, 1942, 1911, 1917, 1900, 1916, 1882, 1931, 1918, 1939, 1920, 1921, 1941, 1927, 1929, 1935, 1892, 1936, 1923, 1928, 1913, 1925, 1915, 1926, 1933, 1940, 1934, 1914, 1890, 1899, 1902, 1898, 1895, 1893, 1889, 1884, 1880, 1904, 1896, 1894, 1907, 1903, 1906, 1876, 1881, 1897, 1937, 1945",156,4,0.004381161007667032,0.11695114014337502,719.6968447856824,8.136696501220504e-4
太古輪船公司,ORG,"1947, 1949, 1946, 1948, 1873, 1886, 1915, 1897, 1935, 1941, 1914, 1927, 1937, 1939",30,0,0,0,0,NA
太平洋行,ORG,"1881, 1875, 1917, 1934, 1949",6,0,0,0,0,NA
太湖廳,ORG,"1910, 1873, 1911, 1891, 1883",6,4,0.004381161007667032,0.0020543549668160417,338.6167721451917,5.420054200542005e-4
姚阿二,PERSON,"1902, 1906, 1901, 1882, 1895, 1922",7,0,0,0,0,NA
婁邑尊,PERSON,"1889, 1881, 1899, 1890, 1905",6,0,0,0,0,NA
孔子,PERSON,"1911, 1884, 1893, 1922, 1891, 1927, 1935, 1940, 1929, 1948, 1946, 1917, 1928, 1939, 1920, 1926, 1914, 1933, 1930, 1934, 1943, 1915, 1936, 1932, 1937, 1913",36,0,0,0,0,NA
字林報館,ORG,"1881, 1917, 1923, 1939, 1927, 1914, 1928, 1901",10,0,0,0,0,NA
存仁堂,ORG,"1880, 1896, 1939, 1895, 1930, 1924",7,1,0.001095290251916758,0.00391854357143868,0,5.678591709256105e-4
存洋,PERSON,"1917, 1914, 1913, 1926, 1918, 1877, 1897, 1909, 1910, 1919, 1922, 1906",20,0,0,0,0,NA
孝廉,PERSON,"1875, 1898, 1899, 1884, 1926, 1887, 1888, 1900, 1917, 1938, 1905",16,2,0.002190580503833516,0.01663534503416639,714,6.373486297004461e-4
孟子,PERSON,"1884, 1892, 1940, 1932, 1943, 1917, 1913, 1934, 1929, 1939, 1914, 1925, 1948, 1928, 1915, 1919, 1933",23,0,0,0,0,NA
孫寳生,PERSON,"1885, 1911, 1884, 1889, 1886, 1892",14,1,0.001095290251916758,2.642927566671689e-4,0,4.928536224741252e-4
孫明,PERSON,"1908, 1879, 1880, 1907, 1946, 1928, 1933",7,0,0,0,0,NA
孫明府,PERSON,"1908, 1878, 1909, 1880, 1879, 1905, 1907, 1895, 1906, 1898, 1899",138,5,0.00547645125958379,0.05097158249446578,831.1484903384671,7.127583749109052e-4
孫蓮甫,PERSON,"1899, 1881, 1900, 1902, 1887, 1886",11,0,0,0,0,NA
孫長生,PERSON,"1924, 1892, 1904, 1879, 1915",5,0,0,0,0,NA
寧波府,ORG,"1899, 1900, 1901, 1905, 1891, 1894, 1881",9,0,0,0,0,NA
寳裕保險公司,ORG,"1872, 1873",8,2,0.002190580503833516,0.04337878685337306,5.096083283796729,6.269592476489029e-4
寳順局,ORG,"1883, 1898, 1885",6,5,0.00547645125958379,0.005900670204718751,788.3540140050585,5.621135469364812e-4
寶裕保險公司,ORG,"1873, 1872",170,22,0.024096385542168676,0.7753861625436644,4162.959220973657,8.841732979664014e-4
少珊,PERSON,"1924, 1879, 1928, 1923",6,0,0,0,0,NA
尙希,PERSON,"1873, 1925, 1929, 1915, 1932, 1927",6,0,0,0,0,NA
局勇,PERSON,"1895, 1892, 1904, 1886, 1902, 1896, 1891, 1894, 1884, 1890, 1897, 1900, 1905, 1885",17,0,0,0,0,NA
居奇,PERSON,"1905, 1898, 1920, 1930, 1940, 1921, 1938, 1897, 1904, 1882, 1902",11,0,0,0,0,NA
屈原,PERSON,"1890, 1873, 1919, 1922, 1923, 1927, 1937",8,0,0,0,0,NA
履泰洋行,ORG,1872,43,12,0.013143483023001095,0.60774759469216,425.56820124437877,7.880220646178094e-4
巡查局,ORG,"1879, 1876, 1909, 1900, 1893, 1910, 1908, 1905, 1897, 1880, 1902, 1899, 1906, 1907",17,0,0,0,0,NA
巡防局,ORG,"1897, 1889, 1884, 1899, 1893, 1901, 1888, 1900, 1898, 1886, 1903, 1902, 1885, 1892, 1894, 1887, 1891, 1878, 1904, 1896, 1908, 1882, 1909, 1881, 1890, 1905, 1877, 1906, 1895, 1925",446,11,0.012048192771084338,0.00463623254583918,3962.980055343218,6.373486297004461e-4
工程局,ORG,"1910, 1909, 1908, 1899, 1902, 1903, 1911, 1896, 1897, 1905, 1907, 1900, 1904, 1898, 1906, 1882, 1901, 1881, 1883, 1894, 1928, 1914, 1926, 1937, 1930, 1916, 1912, 1946, 1929, 1932, 1913, 1921, 1924, 1940, 1922, 1935",611,0,0,0,0,NA
工部局,ORG,"1922, 1939, 1894, 1936, 1918, 1917, 1915, 1919, 1941, 1942, 1923, 1906, 1903, 1914, 1940, 1926, 1913, 1893, 1900, 1916, 1908, 1920, 1925, 1880, 1924, 1921, 1910, 1885, 1905, 1899, 1933, 1876, 1909, 1934, 1898, 1904, 1901, 1884, 1896, 1927, 1895, 1912, 1911, 1935, 1902, 1889, 1892, 1932, 1929, 1881, 1874, 1887, 1888, 1883, 1875, 1897, 1882, 1872, 1931, 1877, 1890, 1937, 1928, 1943, 1938, 1930, 1873, 1907, 1891, 1879, 1886, 1945, 1944, 1946, 1947",1160,24,0.02628696604600219,0.47906679059084534,10750.51643988767,9.149130832570906e-4
平林店,ORG,"1885, 1898, 1879, 1902, 1884, 1890",11,1,0.001095290251916758,0,0,1
平糶局,ORG,"1878, 1898, 1926, 1920, 1913, 1930, 1925",15,0,0,0,0,NA
康照,PERSON,1883,17,1,0.001095290251916758,0.00497490650471746,0,5.249343832020997e-4
康熙,PERSON,"1883, 1926",18,2,0.002190580503833516,0.005034414052315154,178.50000000000003,5.254860746190226e-4
康阿順,PERSON,"1883, 1880, 1888, 1884, 1882, 1881, 1885",12,1,0.001095290251916758,0.0028956905110134276,0,5.991611743559018e-4
廖叅戎,PERSON,"1899, 1895, 1882, 1893",5,0,0,0,0,NA
廣仁堂,ORG,"1902, 1880, 1934, 1885, 1918",7,1,0.001095290251916758,6.782338037172531e-4,0,5.356186395286556e-4
廣肇公所,ORG,"1921, 1877, 1878, 1910, 1917, 1889, 1901, 1885, 1907, 1919, 1918, 1895, 1896, 1906, 1923, 1920, 1913, 1925, 1929, 1915, 1922, 1928, 1893, 1948",30,1,0.001095290251916758,0.031252819340129155,0,7.358351729212656e-4
廣裕洋行,ORG,1872,13,4,0.004381161007667032,0.12136557057575219,13.206007728590347,6.064281382656155e-4
廣豐洋行,ORG,"1901, 1904, 1883, 1896, 1886",7,1,0.001095290251916758,0.0019100509791450684,0,5.402485143165856e-4
延陵,PERSON,"1875, 1885, 1895, 1914, 1920",5,0,0,0,0,NA
張丁,PERSON,"1915, 1913, 1925, 1884, 1934",5,0,0,0,0,NA
張三,PERSON,"1924, 1929, 1928, 1882, 1915, 1917, 1919, 1891, 1903, 1926, 1872, 1930, 1932, 1918, 1947, 1940, 1920, 1888, 1944, 1931, 1946, 1927",25,0,0,0,0,NA
張之洞,PERSON,"1947, 1940, 1922, 1897, 1906, 1884",6,0,0,0,0,NA
張二,PERSON,"1926, 1897, 1914, 1884, 1904, 1896, 1920, 1912, 1919, 1890, 1927, 1913, 1898, 1900, 1934, 1948",18,1,0.001095290251916758,6.997971950219012e-4,0,5.293806246691371e-4
張五,PERSON,"1895, 1896, 1932, 1885, 1884, 1923",6,1,0.001095290251916758,6.997971950219139e-4,0,5.293806246691371e-4
張仁,PERSON,"1921, 1905, 1903, 1884, 1939",5,0,0,0,0,NA
張佩紳,PERSON,"1881, 1936, 1921, 1934, 1943, 1935, 1928",9,0,0,0,0,NA
張公,PERSON,"1874, 1875, 1934, 1888, 1872, 1946, 1931",18,4,0.004381161007667032,0.053873223228039786,415.1458924090829,6.939625260235947e-4
張卽,PERSON,"1912, 1900, 1884, 1915, 1927, 1893, 1907",9,0,0,0,0,NA
張司,PERSON,"1880, 1878, 1879",5,1,0.001095290251916758,0.008071414159658044,0,6.968641114982578e-4
張司馬,PERSON,"1893, 1880, 1874, 1879, 1901, 1875, 1878, 1900, 1902, 1899, 1886, 1892, 1896, 1903, 1890, 1873",82,6,0.0065717415115005475,0.0637739725373667,5148.13316092177,8.136696501220504e-4
張吳,PERSON,"1911, 1920, 1905, 1898, 1904, 1934, 1894, 1927, 1902, 1937, 1882, 1936, 1928",14,0,0,0,0,NA
張周,PERSON,"1903, 1914, 1924, 1923, 1881, 1915, 1886, 1932, 1928, 1929, 1888, 1927",13,0,0,0,0,NA
張和尚,PERSON,"1911, 1885, 1909, 1897, 1901, 1904, 1899, 1900, 1910, 1895, 1927, 1917, 1929, 1873, 1932",17,0,0,0,0,NA
張垣,PERSON,"1883, 1933, 1947, 1948, 1946",6,2,0.002190580503833516,6.256918740137298e-4,1.8819609359401077,4.701457451810061e-4
張大,PERSON,"1901, 1919, 1914, 1900, 1921, 1927, 1931, 1881, 1943",9,2,0.002190580503833516,7.319455044864933e-4,33.013097516415456,5.614823133071309e-4
張子英,PERSON,"1908, 1936, 1879, 1887, 1918, 1925, 1929",7,0,0,0,0,NA
張寳,PERSON,"1916, 1881, 1919, 1914, 1889, 1928, 1918",7,1,0.001095290251916758,0.0030611484766535,0,6.079027355623101e-4
張少伯,PERSON,"1884, 1946",12,0,0,0,0,NA
張少雲,PERSON,"1877, 1922, 1910, 1903, 1904, 1896, 1948",8,0,0,0,0,NA
張巳,PERSON,"1914, 1887, 1884, 1900, 1932",6,0,0,0,0,NA
張廉泉,PERSON,"1902, 1947, 1889, 1873",6,1,0.001095290251916758,0.03682922916437494,0,6.891798759476223e-4
張得勝,PERSON,"1881, 1921, 1933, 1916, 1927, 1908",6,0,0,0,0,NA
張德勝,PERSON,"1907, 1916, 1904, 1884, 1906, 1940, 1937, 1885",8,0,0,0,0,NA
張德順,PERSON,"1909, 1915, 1887, 1930, 1884",5,1,0.001095290251916758,6.997971950219072e-4,0,5.293806246691371e-4
張志誠,PERSON,"1907, 1919, 1884, 1927, 1934",6,0,0,0,0,NA
張戴,PERSON,"1913, 1884, 1939, 1945",5,0,0,0,0,NA
張春山,PERSON,"1900, 1875, 1906, 1946, 1917",5,1,0.001095290251916758,1.0186915308239764e-4,0,4.7961630695443646e-4
張月樓,PERSON,"1908, 1878, 1919, 1920, 1928",7,1,0.001095290251916758,0.03831708647211145,0,6.600660066006601e-4
張某,PERSON,"1918, 1904, 1916, 1928, 1919, 1941, 1902, 1876, 1900, 1901, 1914, 1885, 1936, 1888, 1922, 1926, 1917, 1924, 1937, 1891",26,0,0,0,0,NA
張桂卿,PERSON,"1896, 1884, 1883, 1919, 1893, 1902, 1885, 1897",9,0,0,0,0,NA
張桂生,PERSON,"1909, 1912, 1902, 1916, 1911, 1901, 1930, 1904, 1906, 1915, 1892, 1924, 1926, 1929, 1896, 1905, 1897, 1883, 1927, 1936, 1922, 1937, 1918",33,2,0.002190580503833516,6.256918740137324e-4,1.8819609359401077,4.701457451810061e-4
張桂芳,PERSON,"1892, 1948, 1875, 1930, 1933, 1932, 1924",7,0,0,0,0,NA
張梅亭,PERSON,"1909, 1885, 1886, 1881, 1874, 1892, 1876, 1877, 1893",13,0,0,0,0,NA
張榮,PERSON,"1933, 1929, 1885, 1891, 1897, 1884, 1909, 1886, 1898, 1922",18,0,0,0,0,NA
張沈,PERSON,"1910, 1917, 1913, 1904, 1914, 1901, 1882, 1894, 1896, 1922, 1931, 1938, 1897, 1929, 1928",20,1,0.001095290251916758,0.00807141415965805,0,6.968641114982578e-4
張洋,PERSON,"1902, 1874, 1888, 1885, 1907, 1906, 1895",9,0,0,0,0,NA
張洪,PERSON,"1915, 1900, 1879, 1889, 1935, 1913",6,0,0,0,0,NA
張湘,PERSON,"1899, 1896, 1894, 1880, 1932, 1948",6,0,0,0,0,NA
張玉書,PERSON,"1910, 1916, 1929, 1873, 1928",5,0,0,0,0,NA
張玉田,PERSON,"1892, 1883, 1904, 1931, 1948",8,0,0,0,0,NA
張王,PERSON,"1914, 1909, 1910, 1926, 1908, 1913, 1920, 1935, 1889, 1901, 1886, 1921, 1882, 1905, 1922, 1896, 1891, 1930, 1911, 1937, 1898, 1927, 1940, 1924, 1932, 1902, 1890, 1918, 1915, 1929, 1939",47,0,0,0,0,NA
張生,PERSON,"1924, 1901, 1882, 1936, 1920, 1933, 1932",8,0,0,0,0,NA
張皇,PERSON,"1880, 1887, 1879, 1875, 1885, 1915, 1883",7,1,0.001095290251916758,0.036829229164374956,0,6.891798759476223e-4
張福生,PERSON,"1905, 1911, 1913, 1917, 1934, 1878, 1915, 1903, 1936, 1921, 1909, 1922, 1892, 1908, 1901, 1924, 1914, 1920, 1929, 1930, 1940, 1944",25,0,0,0,0,NA
張邑尊,PERSON,"1888, 1889, 1899, 1900, 1890, 1894, 1884, 1895, 1882",15,0,0,0,0,NA
張金生,PERSON,"1917, 1926, 1931, 1921, 1903, 1892, 1922, 1902, 1896, 1913, 1899, 1905, 1918, 1919, 1927, 1925, 1907, 1890, 1906, 1928, 1932, 1883, 1937, 1929, 1936, 1923, 1940",35,2,0.002190580503833516,0.017488220740028378,0.21428571428571425,6.626905235255136e-4
張錢,PERSON,"1922, 1920, 1914, 1899, 1916, 1879, 1923, 1891, 1895, 1937, 1929, 1921, 1942",14,0,0,0,0,NA
張錦堂,PERSON,"1897, 1910, 1887, 1919, 1924, 1884, 1902, 1934",8,0,0,0,0,NA
張錦榮,PERSON,"1900, 1882, 1927, 1923, 1928",12,1,0.001095290251916758,0.0031830126113495697,0,6.108735491753207e-4
張錫林,PERSON,"1917, 1941, 1906, 1883, 1927",7,0,0,0,0,NA
張阿三,PERSON,"1893, 1917, 1885, 1919, 1899, 1910, 1915, 1884, 1896, 1904, 1911, 1914, 1925, 1908, 1900, 1897, 1898, 1927, 1882, 1924, 1918, 1887, 1905, 1920, 1886, 1912, 1934, 1928, 1907, 1937, 1931, 1938, 1932, 1930",60,1,0.001095290251916758,0.002895690511013426,0,5.991611743559018e-4
張阿二,PERSON,"1929, 1897, 1908, 1922, 1927, 1916, 1919, 1918, 1909, 1912, 1901, 1902, 1915, 1903, 1906, 1900, 1910, 1904, 1928, 1905, 1898, 1921, 1896, 1932, 1884, 1895, 1907, 1911, 1920, 1933, 1923, 1940",67,0,0,0,0,NA
張阿六,PERSON,"1902, 1904, 1885, 1905, 1903, 1918, 1922, 1882, 1932, 1884",11,1,0.001095290251916758,0,0,1
張阿友,PERSON,"1917, 1879, 1882, 1928, 1932",5,0,0,0,0,NA
張阿四,PERSON,"1881, 1902, 1903, 1901, 1915, 1900, 1927, 1892, 1923, 1887, 1933, 1898, 1904, 1928, 1930, 1919, 1905, 1894, 1899, 1913, 1929, 1925",29,1,0.001095290251916758,0.008071414159658032,0,6.968641114982578e-4
張阿才,PERSON,"1883, 1904, 1903, 1901, 1896, 1874, 1885, 1907",8,0,0,0,0,NA
張阿春,PERSON,"1918, 1908, 1900, 1914, 1903, 1882, 1894, 1890, 1922, 1889",10,0,0,0,0,NA
張阿根,PERSON,"1927, 1916, 1911, 1899, 1922, 1895, 1901, 1876, 1896, 1917, 1883, 1907, 1932, 1928, 1930, 1936, 1902, 1913, 1929",31,1,0.001095290251916758,0.03682922916437494,0,6.891798759476223e-4
張阿桂,PERSON,"1876, 1918, 1879, 1916, 1901, 1891, 1920",9,0,0,0,0,NA
張阿毛,PERSON,"1899, 1919, 1896, 1936, 1901, 1902, 1922, 1881, 1918, 1907, 1917, 1932, 1928, 1929, 1915, 1938",32,0,0,0,0,NA
張阿炳,PERSON,"1881, 1917, 1905, 1928",6,2,0.002190580503833516,0.013384154076867926,776.016979084435,7.524454477050414e-4
張阿狗,PERSON,"1886, 1901, 1898, 1918, 1889, 1890, 1878, 1922, 1900, 1894, 1893, 1892, 1921, 1902",23,0,0,0,0,NA
張阿虎,PERSON,"1881, 1901, 1902, 1909, 1892, 1897",7,0,0,0,0,NA
張阿金,PERSON,"1903, 1923, 1886, 1878, 1887, 1893, 1896, 1911, 1914, 1917, 1897, 1892, 1908, 1889, 1905, 1907, 1929",26,0,0,0,0,NA
張陸,PERSON,"1918, 1923, 1914, 1878, 1910, 1889, 1887, 1926, 1913, 1933, 1922, 1936, 1919, 1901",14,2,0.002190580503833516,0.0058423289555750765,1.3119452394729139,6.207324643078833e-4
張雨亭,PERSON,"1893, 1881, 1930, 1925, 1918, 1935",6,0,0,0,0,NA
張雨田,PERSON,"1879, 1882, 1908, 1928",5,0,0,0,0,NA
張順發,PERSON,"1911, 1910, 1915, 1883, 1909, 1907, 1930, 1932",11,0,0,0,0,NA
張馬,PERSON,"1881, 1934, 1915, 1926, 1927",5,0,0,0,0,NA
彭玉堂,PERSON,"1922, 1918, 1884",6,0,0,0,0,NA
徐交保,PERSON,"1910, 1908, 1909, 1917, 1884, 1905",6,0,0,0,0,NA
徐仁山,PERSON,"1908, 1892, 1884, 1899",5,0,0,0,0,NA
徐供,PERSON,"1916, 1894, 1900, 1908, 1880, 1899, 1875, 1898, 1897, 1906, 1889, 1907, 1893",17,0,0,0,0,NA
徐卽,PERSON,"1913, 1877, 1903, 1899, 1906",5,0,0,0,0,NA
徐子卿,PERSON,"1902, 1877, 1911, 1921, 1928, 1932",6,0,0,0,0,NA
徐少亭,PERSON,"1893, 1883, 1881, 1909",5,0,0,0,0,NA
徐年慶,PERSON,1884,8,0,0,0,0,NA
徐敏,PERSON,"1940, 1946, 1947, 1882",8,0,0,0,0,NA
徐桂生,PERSON,"1949, 1900, 1879, 1909, 1907, 1930, 1933",9,0,0,0,0,NA
徐楊,PERSON,"1926, 1928, 1927, 1911, 1880, 1908, 1929, 1932, 1930",10,1,0.001095290251916758,4.367503086891327e-6,0,3.8066235249333843e-4
徐海,PERSON,"1883, 1911, 1899, 1927, 1926, 1924",6,0,0,0,0,NA
徐炳生,PERSON,"1922, 1882, 1903, 1914, 1918, 1934",7,0,0,0,0,NA
徐金,PERSON,"1880, 1901, 1906, 1922, 1924",5,0,0,0,0,NA
徐阿三,PERSON,"1900, 1910, 1920, 1917, 1932, 1921, 1873, 1918, 1929",11,0,0,0,0,NA
徐阿二,PERSON,"1882, 1903, 1909, 1901, 1910, 1929, 1931, 1927, 1932, 1943",11,0,0,0,0,NA
徐阿四,PERSON,"1892, 1899, 1879, 1895, 1907, 1886, 1926, 1911, 1932, 1929",10,0,0,0,0,NA
徐阿才,PERSON,"1903, 1877, 1901, 1888",5,0,0,0,0,NA
徐阿林,PERSON,"1934, 1903, 1883, 1885, 1946",5,0,0,0,0,NA
徐阿桂,PERSON,"1877, 1882, 1897, 1920, 1929",5,2,0.002190580503833516,0.008120271848166799,1420,7.00770847932726e-4
徐阿福,PERSON,"1879, 1927, 1903, 1897, 1922, 1928, 1938",7,0,0,0,0,NA
徐阿華,PERSON,"1917, 1918, 1903, 1904, 1879, 1898, 1911, 1902, 1907, 1927",30,0,0,0,0,NA
徐阿金,PERSON,"1880, 1906, 1930, 1887, 1918, 1934",6,2,0.002190580503833516,0.011254426771007617,38.86033156096481,7.027406886858749e-4
徐雨之,PERSON,"1882, 1883, 1876, 1896, 1907",7,5,0.00547645125958379,0.020749207200526237,506.5521203512793,6.706908115358819e-4
得利洋行,ORG,"1872, 1876",5,1,0.001095290251916758,0.043515553400069254,0,6.680026720106881e-4
復昇洋行,ORG,"1873, 1872",53,11,0.012048192771084338,0.5630206460169985,312.02991288314746,7.524454477050414e-4
德利琴行,ORG,1873,5,0,0,0,0,NA
德和洋行,ORG,"1886, 1885, 1918, 1895, 1881, 1902, 1929, 1940, 1934, 1939, 1932, 1890, 1927, 1937, 1928, 1907, 1917, 1935, 1938, 1933, 1942",66,1,0.001095290251916758,0.07687702401360892,0,6.397952655150352e-4
德國領事署,ORG,"1908, 1897, 1904, 1887, 1891, 1882, 1886",8,0,0,0,0,NA
德興洋行,ORG,"1883, 1876, 1874, 1915, 1928",5,0,0,0,0,NA
德記洋行,ORG,"1888, 1880, 1874, 1875, 1889, 1907",6,1,0.001095290251916758,0,0,0.3333333333333333
德豐,ORG,"1929, 1897, 1911, 1877, 1912, 1933, 1889, 1926, 1917, 1882, 1940, 1946",16,1,0.001095290251916758,0.0026546322314230982,0,6.253908692933083e-4
思本齋,PERSON,1883,33,1,0.001095290251916758,0.004974906504717463,0,5.249343832020997e-4
怡和洋行,ORG,"1916, 1886, 1878, 1899, 1892, 1898, 1903, 1887, 1900, 1911, 1881, 1885, 1901, 1908, 1893, 1880, 1872, 1889, 1891, 1909, 1882, 1919, 1884, 1925, 1933, 1920, 1890, 1935, 1914, 1923, 1917, 1924, 1921, 1939, 1931, 1937, 1896, 1895, 1907, 1897, 1936, 1926, 1922, 1927, 1941, 1913, 1915, 1875, 1930, 1940, 1946, 1932, 1902, 1888, 1873, 1938",133,4,0.004381161007667032,0.11082594018855976,540.143418791469,7.892659826361484e-4
惇信洋行,ORG,"1892, 1881, 1921, 1891, 1872",7,1,0.001095290251916758,0.07687702401360898,0,6.397952655150352e-4
惠爾生,PERSON,"1912, 1910, 1911, 1915, 1879",6,0,0,0,0,NA
慕維廉,PERSON,"1877, 1879, 1878",9,1,0.001095290251916758,0.002895690511013425,0,5.991611743559018e-4
戈什哈,PERSON,"1897, 1887, 1894, 1896, 1888, 1892, 1882",7,0,0,0,0,NA
戴明府,PERSON,"1877, 1898, 1900",12,0,0,0,0,NA
户部,ORG,"1889, 1900, 1904, 1888, 1890, 1894, 1897, 1899, 1886, 1884, 1893, 1906, 1872, 1887, 1892",32,1,0.001095290251916758,0.006837854721497328,0,5.509641873278236e-4
房諒,PERSON,"1882, 1885, 1890, 1884, 1889",6,0,0,0,0,NA
招商局,ORG,"1928, 1899, 1892, 1882, 1898, 1894, 1902, 1897, 1881, 1895, 1948, 1896, 1914, 1887, 1908, 1900, 1890, 1891, 1885, 1932, 1886, 1929, 1903, 1893, 1904, 1917, 1878, 1883, 1911, 1913, 1875, 1927, 1910, 1919, 1901, 1888, 1877, 1905, 1918, 1935, 1930, 1884, 1912, 1916, 1946, 1921, 1931, 1915, 1934, 1920, 1924, 1937, 1925, 1922, 1907, 1923, 1889, 1873, 1906, 1933, 1947, 1936, 1926, 1939, 1945, 1949",265,14,0.015334063526834611,0.11340241357760261,4414.35988354381,8.64304235090752e-4
招商輪船局,ORG,"1899, 1892, 1882, 1898, 1894, 1902, 1897, 1881, 1895, 1948, 1896, 1914, 1887, 1908, 1900, 1890, 1891, 1885, 1932, 1886, 1929, 1903, 1893, 1904, 1917, 1878, 1928, 1883, 1911, 1913, 1875, 1927, 1910, 1919, 1901, 1888, 1877, 1905, 1918, 1935, 1930, 1884, 1912, 1916, 1946, 1921, 1931, 1915, 1934, 1920, 1924, 1937, 1925, 1922, 1907, 1923, 1889, 1873, 1906, 1933, 1947, 1936, 1926, 1939, 1945, 1949, 1880",308,15,0.01642935377875137,0.11408064738131991,5128.359883543808,8.673026886383347e-4
振華堂,ORG,"1876, 1925, 1915, 1914, 1926, 1922, 1927, 1913",11,0,0,0,0,NA
救生局,ORG,"1919, 1928, 1900, 1875, 1927, 1881, 1921, 1930, 1937, 1932, 1929, 1915, 1931",16,2,0.002190580503833516,0,1,0.5
文匯報,ORG,"1927, 1924, 1906, 1923, 1918, 1925, 1884",9,0,0,0,0,NA
文宗,PERSON,"1889, 1895, 1926, 1875, 1943",7,0,0,0,0,NA
文彬,PERSON,"1897, 1883, 1925, 1946",6,0,0,0,0,NA
新沙遜洋行,ORG,"1892, 1915, 1885, 1899, 1900, 1894, 1930, 1931, 1911, 1920, 1932, 1929, 1886, 1927, 1922, 1882, 1891",33,0,0,0,0,NA
新關稅務司,ORG,"1881, 1918, 1886, 1878, 1905, 1915",6,6,0.0065717415115005475,0.04102943131401226,895.4424193576564,7.968127490039841e-4
方伯,PERSON,"1897, 1893, 1887, 1902, 1900, 1877, 1896, 1898, 1894, 1885, 1903, 1908, 1910, 1899, 1882, 1905, 1904, 1907",27,1,0.001095290251916758,0,0,1
施則敬,PERSON,"1900, 1901, 1883, 1899, 1906, 1905, 1904, 1918",11,1,0.001095290251916758,5.267694804290563e-4,0,5.200208008320333e-4
施善昌,PERSON,"1889, 1890, 1884, 1895, 1893, 1894, 1892, 1886, 1885, 1883, 1887, 1881",31,4,0.004381161007667032,0.019832299258763852,515.5751509515907,6.920415224913495e-4
施少欽,PERSON,"1885, 1884, 1887, 1889, 1890, 1883, 1893, 1895",56,11,0.012048192771084338,0.024845537449614645,5147.761434950426,6.697923643670462e-4
旗昌洋行,ORG,"1872, 1873, 1894, 1886, 1885, 1879, 1889, 1884, 1881, 1876",25,13,0.014238773274917854,0.21510255591498084,6448.107637015268,8.230452674897119e-4
日本領事署,ORG,"1929, 1913, 1924, 1898, 1922, 1910, 1923, 1916, 1918, 1937, 1939, 1920, 1903, 1893, 1912, 1896, 1891, 1911, 1928, 1926, 1899, 1873, 1934",35,0,0,0,0,NA
昆仲,PERSON,"1922, 1926, 1901, 1920, 1880, 1885, 1937, 1925, 1928, 1921, 1915, 1918, 1938, 1932, 1943, 1930, 1942, 1929, 1936, 1917, 1946",27,0,0,0,0,NA
星霜,PERSON,1883,16,1,0.001095290251916758,0.00497490650471746,0,5.249343832020997e-4
春元,PERSON,"1885, 1894, 1899, 1880, 1888",6,0,0,0,0,NA
晉隆洋行,ORG,"1900, 1894, 1905, 1928, 1873, 1930",7,1,0.001095290251916758,0.021185049216066485,0,5.54016620498615e-4
普育善堂,ORG,"1889, 1884, 1902, 1909, 1913, 1903, 1905, 1897, 1910, 1891, 1901, 1907, 1942, 1928, 1930, 1917, 1927, 1899, 1904",32,1,0.001095290251916758,0.0026546322314231,0,6.253908692933083e-4
曹王,PERSON,"1916, 1901, 1882, 1923, 1932, 1930",6,0,0,0,0,NA
曹素功,PERSON,"1913, 1893, 1927, 1880, 1918, 1926, 1879, 1907, 1896, 1905, 1935",11,2,0.002190580503833516,0.0026829108651804188,48.74540864667423,5.885815185403178e-4
曹阿三,PERSON,"1920, 1904, 1918, 1923, 1929, 1880, 1908, 1896",11,1,0.001095290251916758,0.0030611484766535006,0,6.079027355623101e-4
曹阿四,PERSON,"1896, 1910, 1884, 1939, 1888, 1928",6,1,0.001095290251916758,0,0,1
曾文正,PERSON,"1884, 1889, 1920, 1916, 1931, 1930, 1915, 1928",10,0,0,0,0,NA
曾文正公,PERSON,"1876, 1884, 1883, 1915, 1923, 1920, 1928, 1934",10,1,0.001095290251916758,0.047125638810286787,0,6.333122229259025e-4
會審公堂,ORG,"1876, 1880, 1882, 1881, 1915, 1874, 1917, 1937, 1923, 1927, 1920, 1879, 1926",16,3,0.0032858707557502738,0.031626651216704466,715,7.380073800738007e-4
會德豐洋行,ORG,"1876, 1891, 1882, 1939, 1940",6,2,0.002190580503833516,0.0013605239681237747,358,5.373455131649651e-4
月華,PERSON,"1928, 1872, 1931, 1946",5,4,0.004381161007667032,0.18389601237940686,12.776002559385228,6.807351940095302e-4
未士四脫美,PERSON,"1872, 1873",5,12,0.013143483023001095,0.27460254988306027,492.8050425012027,6.978367062107466e-4
朱二尹,PERSON,"1880, 1906, 1905",7,0,0,0,0,NA
朱供,PERSON,"1910, 1926, 1914, 1881, 1898, 1903, 1908, 1899, 1909, 1885, 1901",14,0,0,0,0,NA
朱子,PERSON,"1883, 1940, 1917, 1922, 1936, 1915",7,0,0,0,0,NA
朱少卿,PERSON,"1936, 1880, 1900, 1928, 1922, 1932",8,0,0,0,0,NA
朱德,PERSON,"1949, 1947, 1928, 1930, 1929, 1939, 1882, 1892",14,0,0,0,0,NA
朱方,PERSON,"1913, 1880, 1915, 1916, 1947",6,2,0.002190580503833516,0.011254426771007617,38.86033156096481,7.027406886858749e-4
朱明府,PERSON,"1889, 1881, 1904, 1902, 1899, 1901, 1891, 1898, 1892, 1903, 1900, 1897, 1893, 1887, 1890, 1905, 1906, 1888",135,1,0.001095290251916758,3.564197607591869e-4,0,5.189413596263622e-4
朱東生,PERSON,"1893, 1876, 1884, 1881, 1918",7,0,0,0,0,NA
朱松泉,PERSON,"1883, 1897, 1887, 1878",5,0,0,0,0,NA
朱某,PERSON,"1927, 1883, 1875, 1928, 1895, 1914, 1882, 1919, 1915, 1926",13,0,0,0,0,NA
朱桂生,PERSON,"1902, 1925, 1924, 1904, 1905, 1879, 1903, 1906, 1907, 1930, 1932, 1929, 1923",38,2,0.002190580503833516,0.020098680387253424,128.05556480083513,7.358351729212656e-4
朱梅,PERSON,"1880, 1933, 1946, 1939",5,0,0,0,0,NA
朱森,PERSON,"1940, 1900, 1892, 1931, 1873, 1935",6,1,0.001095290251916758,0.03682922916437495,0,6.891798759476223e-4
朱王,PERSON,"1887, 1899, 1917, 1925, 1883, 1926, 1920, 1937, 1932, 1915",18,0,0,0,0,NA
朱蘭生,PERSON,"1902, 1894, 1883, 1905, 1922, 1942, 1918, 1930",8,0,0,0,0,NA
朱邑尊,PERSON,"1886, 1882, 1887, 1890",11,0,0,0,0,NA
朱阿巧,PERSON,"1911, 1910, 1916, 1884, 1914, 1889, 1920",10,0,0,0,0,NA
朱雲龍,PERSON,"1876, 1877, 1939, 1927, 1936",9,1,0.001095290251916758,0.0024313628250566014,0,5.837711617046118e-4
李三,PERSON,"1891, 1910, 1887, 1921, 1904, 1878, 1885, 1907, 1903, 1901, 1928, 1934, 1927, 1911, 1881, 1948",18,3,0.0032858707557502738,0.006542126150596978,527.0823626206175,6.397952655150352e-4
李二,PERSON,"1898, 1904, 1893, 1939, 1875, 1927, 1892, 1930",8,0,0,0,0,NA
李五,PERSON,"1929, 1931, 1928, 1939, 1881, 1884, 1949",7,1,0.001095290251916758,6.997971950218998e-4,0,5.293806246691371e-4
李供,PERSON,"1914, 1897, 1909, 1916, 1900, 1879, 1901, 1878, 1899, 1904, 1906, 1895, 1890, 1905, 1894",17,0,0,0,0,NA
李傅相,PERSON,"1900, 1890, 1885, 1889, 1884, 1886, 1901",18,2,0.002190580503833516,7.040077034892214e-4,1068,5.310674455655868e-4
李傳相,PERSON,"1883, 1884, 1900, 1890, 1886",8,1,0.001095290251916758,0,0,1
李四,PERSON,"1916, 1877, 1885, 1917, 1872, 1894, 1932, 1929",10,0,0,0,0,NA
李國楨,PERSON,"1883, 1929, 1928, 1947, 1934",6,0,0,0,0,NA
李培基,PERSON,"1929, 1883, 1927, 1939, 1934, 1933, 1932, 1924",11,0,0,0,0,NA
李大生,PERSON,"1881, 1915, 1932, 1929",5,1,0.001095290251916758,0,0,0.3333333333333333
李安,PERSON,"1915, 1889, 1937, 1931, 1884",5,1,0.001095290251916758,6.997971950219134e-4,0,5.293806246691371e-4
李廣,PERSON,"1887, 1880, 1928, 1947, 1939, 1940, 1920",9,0,0,0,0,NA
李張,PERSON,"1915, 1883, 1898, 1922, 1913, 1929, 1930, 1931, 1940",11,0,0,0,0,NA
李文,PERSON,"1904, 1884, 1907, 1930, 1917",5,0,0,0,0,NA
李明,PERSON,"1903, 1892, 1890, 1911, 1913, 1876, 1934",7,1,0.001095290251916758,0.04390865730098042,0,6.464124111182935e-4
李林,PERSON,"1942, 1917, 1919, 1884, 1921, 1934, 1883, 1913, 1932",11,2,0.002190580503833516,6.256918740137318e-4,1.8819609359401077,4.701457451810061e-4
李洋,PERSON,"1909, 1902, 1890, 1898, 1883, 1901, 1891, 1882",8,1,0.001095290251916758,4.8325251718209873e-4,0,4.894762604013706e-4
李洪,PERSON,"1916, 1890, 1936, 1892, 1886, 1879, 1893",12,0,0,0,0,NA
李王,PERSON,"1909, 1914, 1879, 1904, 1906, 1930, 1932",8,0,0,0,0,NA
李錦榮,PERSON,"1917, 1883, 1945, 1915, 1924, 1931, 1929",7,0,0,0,0,NA
李長泰,PERSON,"1918, 1884, 1916",6,0,0,0,0,NA
李阿三,PERSON,"1900, 1914, 1919, 1908, 1909, 1887, 1915, 1897, 1910, 1883, 1903, 1907, 1904, 1918, 1890, 1891, 1892, 1932, 1928, 1894, 1905, 1889, 1927",36,0,0,0,0,NA
李阿二,PERSON,"1891, 1914, 1911, 1908, 1879, 1903, 1899, 1897, 1917, 1889, 1928, 1915, 1886, 1936, 1909, 1939, 1925, 1922",20,0,0,0,0,NA
李阿四,PERSON,"1875, 1916, 1915, 1931, 1901, 1917, 1896, 1903, 1922, 1886, 1909, 1878, 1900, 1907, 1904, 1912, 1890, 1906, 1927, 1929, 1888",25,0,0,0,0,NA
李阿大,PERSON,"1882, 1911, 1903, 1912, 1902, 1901, 1930, 1921, 1900, 1884, 1891, 1908, 1907, 1890, 1932, 1929",17,0,0,0,0,NA
李阿炳,PERSON,"1918, 1902, 1881, 1903, 1911, 1917, 1923, 1920, 1940",12,1,0.001095290251916758,0.008071414159658032,0,6.968641114982578e-4
李阿生,PERSON,"1922, 1908, 1914, 1901, 1903, 1902, 1879, 1899, 1931",11,0,0,0,0,NA
李阿福,PERSON,"1918, 1919, 1879, 1908, 1884, 1917, 1890, 1946, 1897, 1886, 1895, 1887, 1939, 1933, 1914, 1893, 1929, 1926",22,0,0,0,0,NA
李阿金,PERSON,"1889, 1921, 1902, 1900, 1904, 1898, 1896, 1891, 1906, 1881, 1912, 1929",13,0,0,0,0,NA
李陸,PERSON,"1896, 1887, 1912, 1884, 1935, 1927, 1922, 1934",8,0,0,0,0,NA
李鴻章,PERSON,"1884, 1893, 1916, 1929, 1872, 1935, 1923, 1917, 1931, 1946, 1879, 1920, 1890, 1892, 1930",16,5,0.00547645125958379,0.08894536188454552,1226.3384938750373,6.863417982155113e-4
杏花,PERSON,"1883, 1929, 1920, 1940, 1946",7,1,0.001095290251916758,4.832525171820954e-4,0,4.894762604013706e-4
杜宇,PERSON,"1930, 1875, 1894, 1922, 1917, 1921, 1880, 1931, 1926, 1935",13,0,0,0,0,NA
杜牧,PERSON,"1887, 1881, 1880, 1888, 1886, 1877, 1921, 1913",10,0,0,0,0,NA
杜鵑,PERSON,"1935, 1880, 1934, 1917, 1946, 1937",8,0,0,0,0,NA
東海輪船公司,ORG,"1872, 1923",5,0,0,0,0,NA
東華醫院,ORG,"1928, 1879, 1875, 1919, 1922, 1915, 1927",7,0,0,0,0,NA
松泉,PERSON,"1910, 1884, 1895, 1912, 1909, 1940, 1896",7,1,0.001095290251916758,0.0025444252473289424,0,5.865102639296188e-4
林三和,PERSON,"1900, 1882, 1901, 1889, 1921, 1918",7,0,0,0,0,NA
林二,PERSON,"1874, 1903, 1900, 1931, 1936",5,0,0,0,0,NA
林文,PERSON,"1936, 1875, 1948, 1927, 1932, 1914, 1935, 1928, 1933",15,0,0,0,0,NA
林文忠,PERSON,"1914, 1912, 1918, 1916, 1878, 1883, 1905, 1932",12,0,0,0,0,NA
林立廷,PERSON,1881,6,1,0.001095290251916758,9.890067770177257e-5,0,4.380201489268506e-4
林邑尊,PERSON,"1879, 1878, 1887, 1880, 1895",5,0,0,0,0,NA
林阿三,PERSON,"1887, 1905, 1898, 1901, 1884, 1888",7,0,0,0,0,NA
林阿四,PERSON,"1909, 1897, 1881, 1905, 1882, 1902, 1930",9,0,0,0,0,NA
果育堂,ORG,"1893, 1889, 1878, 1886",5,2,0.002190580503833516,0,1,0.5
柴樛,PERSON,"1892, 1885, 1895, 1894, 1898, 1887, 1884",8,0,0,0,0,NA
桂生,PERSON,"1926, 1879, 1900, 1893, 1911, 1919, 1901, 1888, 1889, 1931, 1890, 1894, 1897, 1886, 1907, 1908, 1920, 1903, 1937",26,0,0,0,0,NA
桂英,PERSON,"1897, 1936, 1893, 1875, 1907, 1917, 1931, 1934, 1923, 1939, 1926, 1946, 1930, 1948",19,0,0,0,0,NA
梁溪,PERSON,"1897, 1887, 1888, 1882, 1886, 1883, 1939, 1933, 1916, 1946",11,0,0,0,0,NA
梅博閣,PERSON,"1890, 1881, 1884, 1872",41,37,0.040525739320920046,1,5496.7250070362825,8.298755186721991e-4
梅生,PERSON,"1883, 1903, 1920, 1898, 1931, 1929, 1928, 1930, 1934, 1938",13,0,0,0,0,NA
梅花館,ORG,"1931, 1932, 1924, 1893, 1940, 1875, 1927, 1942, 1938, 1922, 1945, 1923, 1929, 1939, 1948, 1928, 1941, 1920, 1946, 1930",71,0,0,0,0,NA
棲流公所,ORG,"1885, 1880, 1886, 1887, 1904, 1882",6,2,0.002190580503833516,0.0018013915032270196,27.495839333140037,5.443658138268917e-4
楊五,PERSON,"1877, 1904, 1920, 1922, 1897",5,0,0,0,0,NA
楊供,PERSON,"1903, 1880, 1931, 1926, 1899, 1915, 1901, 1910, 1908, 1905, 1887, 1885",15,0,0,0,0,NA
楊大,PERSON,"1893, 1877, 1891, 1885, 1936",5,0,0,0,0,NA
楊子雲,PERSON,"1882, 1911, 1904, 1876, 1872",6,9,0.009857612267250822,0.3564603164265627,2209.8365253803954,8.097165991902834e-4
楊寳林,PERSON,"1899, 1882, 1897, 1909",5,0,0,0,0,NA
楊寳生,PERSON,"1900, 1882, 1905, 1896",6,0,0,0,0,NA
楊張,PERSON,"1917, 1914, 1901, 1918, 1925, 1904, 1884, 1922, 1928, 1913, 1934, 1930",14,0,0,0,0,NA
楊月樓,PERSON,"1927, 1878, 1913, 1926, 1925, 1928, 1929, 1917, 1930, 1918, 1939, 1947, 1946, 1922, 1924",21,0,0,0,0,NA
楊柳,PERSON,"1939, 1921, 1944, 1893, 1940, 1884, 1922",16,0,0,0,0,NA
楊永興,PERSON,"1903, 1909, 1910, 1912, 1893, 1884",8,0,0,0,0,NA
楊泰記,PERSON,"1899, 1875, 1881, 1898, 1880, 1878, 1876",11,5,0.00547645125958379,0.024082725636647803,401.8563543941149,6.325110689437065e-4
楊邑尊,PERSON,"1885, 1888, 1883, 1898, 1892, 1899",11,0,0,0,0,NA
楊錦山,PERSON,"1907, 1876, 1887",5,0,0,0,0,NA
楊阿二,PERSON,"1880, 1895, 1932, 1914, 1899, 1889, 1887, 1900, 1928, 1918, 1934, 1933",17,0,0,0,0,NA
楊阿五,PERSON,"1915, 1902, 1903, 1876, 1898",8,0,0,0,0,NA
楊雄,PERSON,"1912, 1931, 1940, 1873, 1946, 1944, 1914, 1943, 1941, 1948",26,0,0,0,0,NA
榮昌,PERSON,"1891, 1900, 1892, 1878, 1921, 1884, 1913, 1882",8,0,0,0,0,NA
樂善堂,ORG,"1890, 1884, 1889, 1893, 1901",6,0,0,0,0,NA
歐陽,PERSON,"1927, 1913, 1894, 1887, 1908, 1901, 1881, 1910, 1888, 1919, 1883, 1875, 1947, 1906, 1926, 1925, 1923, 1936, 1932, 1946, 1922, 1939, 1933, 1929",37,0,0,0,0,NA
武昌府,ORG,"1885, 1902, 1884, 1890, 1889, 1909, 1883",9,0,0,0,0,NA
武松,PERSON,"1875, 1883, 1944, 1939, 1929, 1947, 1935, 1940, 1946, 1932",32,1,0.001095290251916758,0,0,0.14285714285714285
武生,PERSON,"1884, 1928, 1902, 1882, 1886, 1896, 1885",7,0,0,0,0,NA
水利局,ORG,"1893, 1895, 1903, 1888, 1901, 1889, 1894, 1902, 1925, 1905, 1928, 1934, 1924, 1882, 1930, 1920, 1881, 1931, 1923, 1929, 1915, 1916, 1914, 1909, 1898, 1890, 1908, 1885, 1900",37,3,0.0032858707557502738,0.006087811945759265,949.1759070807715,7.017543859649122e-4
永和信局,ORG,"1922, 1896, 1883, 1882, 1885",8,5,0.00547645125958379,0.005900670204718764,788.3540140050595,5.621135469364812e-4
永和洋行,ORG,"1875, 1878, 1890",5,1,0.001095290251916758,0.03125281934012919,0,7.358351729212656e-4
江北音,PERSON,"1875, 1926, 1896, 1930, 1927",6,0,0,0,0,NA
江南製造局,ORG,"1905, 1915, 1898, 1893, 1885, 1913, 1886, 1896, 1884, 1914, 1875, 1925, 1897, 1906, 1900, 1907, 1916, 1926, 1880, 1894, 1924, 1930, 1917, 1939, 1902",70,4,0.004381161007667032,0.003437864044013821,1071,5.984440454817474e-4
江平,PERSON,"1932, 1876, 1947, 1926, 1930",7,0,0,0,0,NA
江海關,ORG,"1894, 1891, 1916, 1892, 1901, 1900, 1921, 1899, 1889, 1898, 1886, 1895, 1902, 1915, 1942, 1876, 1930, 1945, 1937, 1948, 1928, 1934, 1926, 1946, 1920, 1927, 1907, 1918, 1932, 1941, 1939, 1914, 1929, 1924, 1933, 1897, 1936, 1906, 1910, 1923, 1944, 1896, 1935, 1940, 1947, 1917, 1919, 1931, 1882, 1909, 1925, 1949",164,1,0.001095290251916758,0,0,1
江蘇海運總局,ORG,"1894, 1902, 1903, 1904, 1906, 1884, 1908",10,0,0,0,0,NA
汪桂章,PERSON,"1884, 1944, 1946",5,0,0,0,0,NA
汪裕泰,PERSON,"1872, 1894, 1931, 1921, 1929",6,0,0,0,0,NA
汪阿三,PERSON,"1882, 1930, 1903, 1907, 1900, 1897",6,0,0,0,0,NA
汪雲,PERSON,"1886, 1894, 1883, 1885, 1898, 1888, 1893",9,1,0.001095290251916758,1.5970930428422204e-4,0,4.5351473922902497e-4
沈仲,PERSON,"1876, 1915, 1913",5,0,0,0,0,NA
沈司馬,PERSON,"1886, 1878, 1899, 1877",5,0,0,0,0,NA
沈某,PERSON,"1902, 1904, 1910, 1887, 1882, 1875, 1932",7,2,0.002190580503833516,0,1,0.5
沈桂榮,PERSON,"1882, 1898, 1900, 1892",9,0,0,0,0,NA
沈金福,PERSON,"1921, 1877, 1900, 1942, 1932",5,0,0,0,0,NA
沈阿三,PERSON,"1882, 1905, 1903, 1901, 1923, 1900, 1933, 1914, 1888, 1910, 1889, 1930, 1928, 1921, 1929, 1932",22,0,0,0,0,NA
沈阿二,PERSON,"1900, 1917, 1880, 1927, 1902, 1897, 1918, 1908, 1930",12,0,0,0,0,NA
沈阿大,PERSON,"1909, 1894, 1934, 1927, 1910, 1887, 1881, 1911, 1901, 1929, 1926",17,0,0,0,0,NA
沈陳,PERSON,"1922, 1881, 1894, 1911, 1889, 1937",6,0,0,0,0,NA
沈陸,PERSON,"1911, 1918, 1909, 1914, 1884, 1902, 1926, 1923, 1932",9,1,0.001095290251916758,2.642927566671705e-4,0,4.928536224741252e-4
沈雲,PERSON,"1904, 1886, 1884, 1919",5,0,0,0,0,NA
沙遜,PERSON,"1876, 1918, 1893, 1878, 1877, 1941, 1888, 1900, 1935, 1948, 1896, 1943, 1890, 1892, 1887, 1891, 1884, 1915, 1885, 1881, 1929, 1946, 1936",33,1,0.001095290251916758,0.0027957912083101367,0,5.878894767783657e-4
沙遜洋行,ORG,"1918, 1917, 1884, 1902, 1881, 1901, 1876, 1890, 1888, 1935, 1942, 1889, 1893, 1894, 1895, 1896, 1891, 1920, 1924, 1878, 1887, 1900",28,6,0.0065717415115005475,0.03636705822295138,859.1902282447654,7.446016381236039e-4
河工局,ORG,"1889, 1891, 1899, 1922, 1921, 1927, 1930, 1882",8,0,0,0,0,NA
河泊司,ORG,"1903, 1921, 1884, 1881, 1919, 1926, 1915, 1928, 1918, 1922, 1930",11,0,0,0,0,NA
泉漳會館,ORG,"1909, 1903, 1884, 1886, 1927, 1925, 1914, 1923, 1928, 1931",12,0,0,0,0,NA
泒利洋行,ORG,1873,7,0,0,0,0,NA
法國銀行,ORG,"1914, 1872, 1913, 1915",11,4,0.004381161007667032,0.27544007507236584,3.5196060840586365,6.430868167202572e-4
法昌洋行,ORG,"1880, 1887, 1891",5,4,0.004381161007667032,5.681155251431441e-5,715.3333333333335,4.4072278536800354e-4
法界捕房,ORG,"1889, 1941, 1919, 1942, 1937, 1924, 1940, 1930, 1936, 1915, 1880, 1927, 1898, 1916, 1935, 1923, 1921, 1918, 1917, 1926, 1914, 1934, 1932, 1933, 1909, 1893, 1908, 1912, 1886, 1894, 1929, 1920, 1911, 1931, 1928, 1882, 1939, 1907, 1943, 1925, 1938, 1903, 1904, 1922",153,3,0.0032858707557502738,5.647379570596526e-5,358.33333333333337,4.4033465433729633e-4
法界會審公廨,ORG,"1905, 1898, 1946, 1897, 1900, 1932, 1882, 1899, 1901, 1889, 1902, 1903, 1907, 1923, 1919, 1940, 1927, 1931",56,4,0.004381161007667032,6.355304349466809e-4,1071,5.621135469364812e-4
法蘭西銀行,ORG,"1878, 1896, 1881, 1889, 1925, 1887, 1937",8,1,0.001095290251916758,0.07687702401360895,0,6.397952655150352e-4
法軍,ORG,"1947, 1884, 1914, 1923, 1915, 1940, 1929, 1946, 1945",15,0,0,0,0,NA
法領事署,ORG,"1905, 1909, 1896, 1897, 1900, 1920, 1914, 1930, 1891, 1927, 1882, 1946, 1939, 1931",17,1,0.001095290251916758,0.002654632231423099,0,6.253908692933083e-4
泰來洋行,ORG,"1904, 1901, 1898, 1894, 1889, 1920, 1940, 1909, 1872, 1887, 1892, 1931",15,0,0,0,0,NA
泰昌洋行,ORG,"1877, 1892, 1888, 1917, 1911, 1887",6,0,0,0,0,NA
泰源,ORG,"1910, 1897, 1876, 1925, 1882",6,1,0.001095290251916758,0.0026546322314230965,0,6.253908692933083e-4
泰興洋行,ORG,"1882, 1897, 1898, 1873, 1914, 1928, 1930",7,1,0.001095290251916758,0.03125281934012918,0,7.358351729212656e-4
洋務總局,ORG,"1904, 1910, 1897, 1911, 1890, 1908, 1902, 1894, 1901, 1905, 1906, 1907, 1920, 1899, 1898, 1887, 1913, 1929, 1882",40,1,0.001095290251916758,0.002654632231423099,0,6.253908692933083e-4
洋子江保險公司,ORG,1873,6,2,0.002190580503833516,0.041606696646797725,3.273431055747083,6.184291898577613e-4
洋藥釐捐局,ORG,"1877, 1885, 1886, 1876, 1875, 1887, 1879, 1882, 1874, 1888",42,3,0.0032858707557502738,0.001368709907891062,715,5.385029617662897e-4
洋貨公所,ORG,"1910, 1882, 1905, 1918",5,0,0,0,0,NA
洪元,PERSON,"1884, 1927, 1929, 1940",6,0,0,0,0,NA
派利洋行,ORG,"1872, 1873",15,8,0.008762322015334063,0.17355023809357575,510.95433121512934,7.189072609633358e-4
海防分府,ORG,"1886, 1882, 1890, 1899, 1910, 1891, 1903, 1889, 1897, 1892, 1896, 1898, 1907, 1888, 1885, 1901, 1884, 1946, 1939",32,0,0,0,0,NA
淮南總局,ORG,"1903, 1875, 1901, 1884, 1893, 1906",7,0,0,0,0,NA
清丈局,ORG,"1922, 1915, 1911, 1872, 1931, 1927, 1905, 1933, 1934, 1928, 1913, 1916, 1924",23,4,0.004381161007667032,0.10297316447442341,174.57493994064325,7.91765637371338e-4
清芬堂,ORG,"1930, 1886, 1896, 1885, 1883, 1882, 1891",7,1,0.001095290251916758,0,0,1
游勇,PERSON,"1887, 1885, 1890, 1899, 1904, 1894, 1898, 1922, 1927, 1880, 1886, 1888, 1907, 1928",19,0,0,0,0,NA
源源洋行,ORG,1872,5,2,0.002190580503833516,0.047657166475861705,39.46591890667882,6.697923643670462e-4
滙豐銀行,ORG,"1877, 1918, 1908, 1923, 1913, 1917, 1914, 1929, 1928, 1919, 1916, 1922, 1939, 1926, 1915, 1938, 1931, 1933, 1932, 1937, 1940, 1935",37,1,0.001095290251916758,0,0,1
潘復,PERSON,"1881, 1910, 1922, 1921, 1928, 1927, 1926",9,1,0.001095290251916758,3.4778892812868266e-4,0,5.141388174807198e-4
潘振聲,PERSON,"1883, 1937, 1934, 1932, 1884, 1935, 1942",7,2,0.002190580503833516,0.016752664301606813,111.63927611512297,6.365372374283895e-4
潘某,PERSON,"1934, 1875, 1929, 1939, 1926",5,0,0,0,0,NA
潘老丈,PERSON,"1873, 1944, 1946",8,0,0,0,0,NA
煥章,PERSON,"1884, 1937, 1918, 1935",6,0,0,0,0,NA
營勇,PERSON,"1883, 1888, 1885",5,0,0,0,0,NA
玉峯,PERSON,"1927, 1872, 1923",10,15,0.01642935377875137,0.6372752604945835,260.2002499350718,7.178750897343862e-4
玉趾,PERSON,"1882, 1913, 1946, 1914, 1939, 1928, 1947, 1948",10,0,0,0,0,NA
玉麟,PERSON,"1899, 1884, 1924, 1923, 1918, 1939",9,1,0.001095290251916758,0,0,1
王丫頭,PERSON,"1912, 1884, 1916, 1882, 1873",6,1,0.001095290251916758,0.008071414159658055,0,6.968641114982578e-4
王二,PERSON,"1884, 1885, 1915, 1891, 1903, 1874, 1914, 1898, 1932, 1892, 1923, 1883, 1940, 1893, 1928, 1938, 1916, 1944, 1917, 1929, 1939",25,3,0.0032858707557502738,0.03828999180251274,2033.5181810730012,7.137758743754461e-4
王供,PERSON,"1886, 1932, 1902, 1885, 1908, 1920, 1910, 1899, 1905, 1881, 1911, 1914, 1916, 1926, 1898, 1893, 1904, 1909, 1887, 1889, 1896, 1906, 1895, 1890, 1927, 1928",48,0,0,0,0,NA
王劉,PERSON,"1915, 1918, 1882, 1928, 1930",6,0,0,0,0,NA
王卽,PERSON,"1934, 1917, 1899, 1890, 1884, 1909, 1877, 1891, 1875, 1933",11,1,0.001095290251916758,1.018691530823933e-4,0,4.7961630695443646e-4
王司馬,PERSON,"1887, 1886, 1885, 1888, 1900, 1899, 1910, 1889, 1883, 1907",120,0,0,0,0,NA
王吉甫,PERSON,"1883, 1934, 1930, 1922",5,0,0,0,0,NA
王周,PERSON,"1920, 1881, 1918, 1884, 1908, 1925, 1934, 1896, 1924, 1930, 1899",20,3,0.0032858707557502738,0.013348721077907287,141.27865612254124,7.047216349541931e-4
王和,PERSON,"1918, 1925, 1896, 1882, 1901, 1928",10,0,0,0,0,NA
王和尙,PERSON,"1922, 1915, 1903, 1898, 1920, 1889, 1882, 1930, 1923, 1929, 1933",15,0,0,0,0,NA
王四,PERSON,"1880, 1915, 1909, 1919, 1926, 1932, 1884, 1941",9,1,0.001095290251916758,6.997971950219106e-4,0,5.293806246691371e-4
王大,PERSON,"1888, 1877, 1889, 1899, 1911, 1936, 1905, 1920, 1906, 1928, 1926",12,0,0,0,0,NA
王子,PERSON,"1912, 1925, 1916, 1909, 1928, 1927, 1938, 1883, 1899",9,0,0,0,0,NA
王子文,PERSON,"1936, 1884, 1922, 1889, 1932",5,1,0.001095290251916758,4.8325251718209076e-4,0,4.894762604013706e-4
王子明,PERSON,"1889, 1908, 1885, 1876, 1888, 1924",6,0,0,0,0,NA
王子祥,PERSON,"1878, 1914, 1886, 1940, 1927",5,0,0,0,0,NA
王寳,PERSON,"1938, 1929, 1900, 1882, 1909, 1928, 1939, 1942",8,0,0,0,0,NA
王寶生,PERSON,"1901, 1918, 1919, 1893, 1905, 1916, 1907, 1883, 1925",10,2,0.002190580503833516,0.017488220740028385,0.21428571428571425,6.626905235255136e-4
王小三,PERSON,"1912, 1916, 1874, 1906",5,0,0,0,0,NA
王小寳,PERSON,"1875, 1903, 1900, 1910, 1897, 1905, 1935",7,0,0,0,0,NA
王小毛,PERSON,"1908, 1875, 1926, 1929, 1927",5,1,0.001095290251916758,1.0186915308239402e-4,0,4.7961630695443646e-4
王少亭,PERSON,"1880, 1882, 1894, 1941, 1947, 1946, 1948",10,1,0.001095290251916758,0.008071414159658043,0,6.968641114982578e-4
王少泉,PERSON,"1925, 1880, 1928, 1930, 1929",8,0,0,0,0,NA
王廢基,PERSON,"1919, 1920, 1924, 1882, 1931",5,0,0,0,0,NA
王得標,PERSON,"1876, 1913, 1925, 1929, 1923",5,0,0,0,0,NA
王德甫,PERSON,"1875, 1928, 1927, 1938",5,0,0,0,0,NA
王文,PERSON,"1934, 1880, 1927, 1932, 1933, 1931",7,0,0,0,0,NA
王文慶,PERSON,"1924, 1923, 1916, 1872, 1922",6,3,0.0032858707557502738,0.02597156923863671,17.732171592248687,6.489292667099286e-4
王明府,PERSON,"1887, 1894, 1879, 1895, 1878, 1890, 1899, 1884, 1907, 1886, 1889",16,0,0,0,0,NA
王春泉,PERSON,"1877, 1906, 1899, 1901, 1927",5,0,0,0,0,NA
王春芳,PERSON,"1901, 1874, 1927, 1937, 1929, 1928",6,0,0,0,0,NA
王朱,PERSON,"1877, 1926, 1889, 1886, 1903, 1912, 1883, 1901, 1906, 1927, 1931, 1936",13,1,0.001095290251916758,4.536259650245473e-4,0,4.679457182966776e-4
王李,PERSON,"1927, 1914, 1884, 1919, 1922, 1896, 1918, 1932, 1929, 1897, 1928",13,0,0,0,0,NA
王杏生,PERSON,"1917, 1916, 1897, 1879, 1932, 1922, 1927, 1934, 1908, 1948",13,0,0,0,0,NA
王松,PERSON,"1881, 1904, 1894, 1902, 1926, 1932, 1928",11,0,0,0,0,NA
王桂林,PERSON,"1881, 1880, 1900, 1908, 1886, 1920, 1903, 1924, 1918, 1940, 1916, 1921, 1922, 1919, 1923",20,3,0.0032858707557502738,3.651288011946988e-4,885.5,5.216484089723526e-4
王桂生,PERSON,"1908, 1915, 1920, 1902, 1903, 1884, 1886, 1917, 1900, 1907, 1919, 1898, 1893, 1885, 1889, 1896, 1922, 1887, 1890, 1904, 1897, 1909, 1926, 1913, 1938, 1930, 1927, 1918, 1929",44,0,0,0,0,NA
王桂芳,PERSON,"1895, 1947, 1882, 1902, 1932, 1873",6,1,0.001095290251916758,0.008071414159658038,0,6.968641114982578e-4
王榮,PERSON,"1947, 1899, 1918, 1936, 1880, 1890, 1922",8,0,0,0,0,NA
王毛毛,PERSON,"1909, 1883, 1897, 1900, 1901, 1898, 1894, 1907, 1920",13,0,0,0,0,NA
王永,PERSON,"1912, 1891, 1881, 1942, 1929, 1948, 1918",7,0,0,0,0,NA
王洪,PERSON,"1922, 1928, 1912, 1881, 1900, 1926",6,0,0,0,0,NA
王洪緒,PERSON,1873,6,20,0.02190580503833516,0.2896594960267047,3663.454976938999,7.91765637371338e-4
王玉山,PERSON,"1881, 1886, 1933, 1928, 1939, 1932, 1915, 1931, 1929",12,0,0,0,0,NA
王瑞生,PERSON,"1911, 1923, 1921, 1901, 1874, 1919, 1922, 1918, 1906, 1932",11,0,0,0,0,NA
王祥林,PERSON,"1909, 1915, 1882, 1910, 1940, 1914",8,0,0,0,0,NA
王祥雲,PERSON,"1874, 1873, 1920, 1924",5,3,0.0032858707557502738,0.060322400681825504,715,6.734006734006734e-4
王福壽,PERSON,"1911, 1877, 1914, 1915, 1920",7,0,0,0,0,NA
王福生,PERSON,"1903, 1912, 1885, 1919, 1921, 1892, 1877, 1904, 1902, 1908, 1909, 1901, 1895, 1916, 1906, 1918, 1910, 1939, 1891, 1907, 1898, 1922, 1920, 1927, 1917, 1933, 1932, 1929",37,0,0,0,0,NA
王秋泉,PERSON,"1922, 1909, 1946, 1883, 1942",5,0,0,0,0,NA
王耀,PERSON,"1926, 1922, 1883, 1930, 1929, 1932",9,1,0.001095290251916758,0.03682922916437493,0,6.891798759476223e-4
王老五,PERSON,"1926, 1882, 1915, 1921, 1893, 1940, 1930",7,1,0.001095290251916758,4.8857688508773056e-5,0,4.679457182966776e-4
王茂生,PERSON,"1897, 1883, 1882, 1898, 1907, 1893, 1929, 1946, 1889",10,0,0,0,0,NA
王華,PERSON,"1908, 1925, 1919, 1875, 1927, 1939, 1940",18,0,0,0,0,NA
王萬興,PERSON,"1901, 1882, 1897, 1911, 1918, 1927",6,0,0,0,0,NA
王葉,PERSON,"1881, 1917, 1885",6,1,0.001095290251916758,3.564197607591869e-4,0,5.189413596263622e-4
王裕興,PERSON,"1920, 1880, 1913, 1908, 1928, 1927",7,0,0,0,0,NA
王連生,PERSON,"1894, 1910, 1917, 1897, 1901, 1876, 1915, 1902, 1941, 1903, 1928, 1921, 1925, 1908, 1906, 1939, 1923, 1933, 1896, 1934, 1940, 1924",31,1,0.001095290251916758,0.03682922916437494,0,6.891798759476223e-4
王道,PERSON,"1877, 1874, 1917, 1919, 1922, 1934, 1927, 1940, 1918, 1930, 1916",22,1,0.001095290251916758,2.6115020294286095e-4,0,4.918839153959665e-4
王邑尊,PERSON,"1885, 1876, 1884, 1887, 1895",8,1,0.001095290251916758,0,0,1
王金,PERSON,"1911, 1898, 1894, 1896, 1915, 1873, 1888, 1914, 1887, 1927, 1920, 1939, 1918, 1901, 1929, 1935, 1900",22,0,0,0,0,NA
王金元,PERSON,"1915, 1909, 1931, 1911, 1882, 1928, 1930, 1912, 1920",9,0,0,0,0,NA
王金生,PERSON,"1915, 1918, 1920, 1919, 1927, 1916, 1899, 1893, 1912, 1924, 1900, 1896, 1936, 1935, 1902, 1907, 1909, 1906, 1928, 1932, 1922, 1887, 1939, 1921, 1878, 1929, 1940",43,1,0.001095290251916758,7.609654431158198e-4,0,4.82392667631452e-4
王金福,PERSON,"1923, 1920, 1891, 1878, 1901, 1926, 1907, 1932, 1929, 1933, 1928, 1927, 1935",15,0,0,0,0,NA
王錦山,PERSON,"1917, 1910, 1918, 1904, 1879, 1915, 1939",8,0,0,0,0,NA
王鏡清,PERSON,"1872, 1930, 1929, 1922, 1931",6,0,0,0,0,NA
王長興,PERSON,"1919, 1910, 1873, 1903, 1911, 1927",6,0,0,0,0,NA
王開,PERSON,"1884, 1946, 1948, 1947, 1944, 1942, 1931",9,1,0.001095290251916758,0.0025444252473289385,0,5.865102639296188e-4
王阿三,PERSON,"1897, 1905, 1887, 1882, 1903, 1894, 1909, 1899, 1908, 1889, 1900, 1920, 1902, 1901, 1907, 1904, 1896, 1898, 1913, 1893, 1918, 1922, 1929, 1936, 1906, 1917, 1879, 1886, 1919, 1891, 1914, 1940, 1930, 1921, 1937, 1928, 1915, 1873, 1932, 1948, 1924, 1934, 1927, 1943",93,0,0,0,0,NA
王阿二,PERSON,"1917, 1902, 1926, 1900, 1911, 1885, 1915, 1898, 1909, 1908, 1910, 1879, 1904, 1914, 1895, 1888, 1901, 1919, 1878, 1896, 1907, 1897, 1903, 1899, 1889, 1913, 1906, 1886, 1891, 1887, 1893, 1929, 1920, 1890, 1905, 1930, 1936, 1922, 1932, 1928, 1894, 1939, 1938",116,0,0,0,0,NA
王阿全,PERSON,"1936, 1896, 1894, 1884, 1918, 1897",6,0,0,0,0,NA
王阿六,PERSON,"1911, 1921, 1917, 1878, 1903, 1902, 1935, 1898, 1910, 1908, 1896, 1916, 1881, 1932, 1904, 1876, 1912, 1930, 1886, 1901, 1928, 1920, 1900, 1887, 1934, 1929",33,0,0,0,0,NA
王阿四,PERSON,"1918, 1916, 1898, 1915, 1911, 1887, 1900, 1921, 1892, 1902, 1912, 1904, 1917, 1914, 1891, 1947, 1884, 1905, 1897, 1913, 1929, 1899, 1890, 1903, 1895, 1909, 1908, 1886, 1894, 1907, 1888, 1932, 1928, 1906, 1934, 1922, 1893, 1937",77,3,0.0032858707557502738,0.0038872213002374527,181.3483352205284,6.222775357809583e-4
王阿土,PERSON,"1896, 1881, 1929, 1939",5,0,0,0,0,NA
王阿大,PERSON,"1908, 1902, 1927, 1885, 1915, 1914, 1903, 1905, 1899, 1897, 1901, 1879, 1907, 1924, 1898, 1893, 1921, 1909, 1881, 1933, 1886, 1894, 1896, 1895, 1930, 1932, 1931, 1882, 1887, 1939, 1929, 1928",53,1,0.001095290251916758,0.008071414159658058,0,6.968641114982578e-4
王阿慶,PERSON,"1913, 1902, 1882, 1903, 1907, 1930, 1924, 1922",12,0,0,0,0,NA
王阿根,PERSON,"1924, 1919, 1932, 1915, 1911, 1908, 1921, 1910, 1901, 1902, 1918, 1905, 1904, 1909, 1912, 1883, 1892, 1897, 1907, 1929, 1928, 1949, 1876, 1914, 1935",47,0,0,0,0,NA
王阿桂,PERSON,"1886, 1897, 1891, 1902, 1895, 1901, 1878, 1918, 1929, 1904",11,0,0,0,0,NA
王阿炳,PERSON,"1878, 1903, 1902, 1900, 1908, 1880, 1928, 1931",11,1,0.001095290251916758,3.564197607591881e-4,0,5.189413596263622e-4
王阿生,PERSON,"1908, 1924, 1917, 1898, 1900, 1897, 1895, 1901, 1906, 1914, 1904, 1892, 1902, 1903, 1879, 1891, 1905, 1890, 1935, 1889, 1932, 1926, 1929",34,0,0,0,0,NA
王阿福,PERSON,"1902, 1875, 1915, 1885, 1918, 1914, 1894, 1935, 1876, 1899, 1919, 1913, 1905, 1896, 1900, 1901, 1888, 1898, 1904, 1879, 1920, 1932, 1922, 1907, 1929, 1889, 1939, 1890, 1916, 1924",51,0,0,0,0,NA
王阿金,PERSON,"1915, 1928, 1901, 1903, 1910, 1898, 1904, 1887, 1899, 1909, 1908, 1888, 1884, 1917, 1875, 1906, 1927, 1914, 1929",28,0,0,0,0,NA
王阿順,PERSON,"1910, 1902, 1884, 1923, 1893",6,0,0,0,0,NA
王陳,PERSON,"1897, 1893, 1925, 1914, 1929, 1879, 1917, 1930, 1909, 1928, 1905, 1935, 1933, 1918, 1931",18,0,0,0,0,NA
王陸,PERSON,"1877, 1918, 1896, 1929, 1910, 1924, 1892, 1905, 1935, 1939, 1932, 1884, 1930, 1886",17,0,0,0,0,NA
王雅琴,PERSON,"1883, 1932, 1935, 1934, 1946, 1928, 1927, 1930",17,0,0,0,0,NA
王雲,PERSON,"1939, 1906, 1879, 1931, 1948, 1923",7,2,0.002190580503833516,0.011254426771007625,38.86033156096481,7.027406886858749e-4
王雲樵,PERSON,"1882, 1927, 1905",5,1,0.001095290251916758,4.341537348615038e-6,0,3.803727653100038e-4
王震,PERSON,"1939, 1875, 1921, 1916, 1922, 1918, 1934, 1920, 1937, 1929, 1924, 1936, 1947, 1931, 1932, 1917",26,1,0.001095290251916758,1.0186915308239117e-4,0,4.7961630695443646e-4
王順發,PERSON,"1891, 1894, 1889, 1910, 1882, 1935, 1949",7,0,0,0,0,NA
王顧,PERSON,"1898, 1901, 1902, 1910, 1917, 1891, 1931, 1929, 1932, 1882",11,0,0,0,0,NA
王高,PERSON,"1940, 1883, 1889, 1932, 1930",6,0,0,0,0,NA
王麻子,PERSON,"1922, 1875, 1919, 1933, 1939, 1936",6,0,0,0,0,NA
琼記洋行,ORG,"1874, 1873, 1872, 1879",18,7,0.0076670317634173054,0.3476828235429592,251.36694839924888,7.336757153338225e-4
琼記行,ORG,1872,7,3,0.0032858707557502738,0.1337786554133511,14.540735144855008,6.464124111182935e-4
瑞生洋行,ORG,"1902, 1909, 1883, 1882, 1890, 1905, 1914, 1904",15,1,0.001095290251916758,0,0,1
瑞記洋行,ORG,"1903, 1909, 1908, 1896, 1897, 1894, 1881, 1904, 1901, 1900, 1898, 1914",22,1,0.001095290251916758,0.07687702401360894,0,6.397952655150352e-4
生生堂,ORG,"1878, 1928, 1936, 1887, 1888",6,1,0.001095290251916758,0.003918543571438684,0,5.678591709256105e-4
申報館,ORG,"1932, 1913, 1927, 1939, 1934, 1926, 1941, 1935, 1930, 1883, 1907, 1943, 1928, 1936, 1940, 1929, 1937, 1933, 1923, 1931, 1925, 1922, 1920, 1900, 1893, 1890, 1918, 1901, 1899, 1884, 1938, 1914, 1898, 1942, 1917, 1915, 1947, 1916, 1924, 1921, 1919, 1887",263,2,0.002190580503833516,7.740615399885295e-4,0.5,4.426737494466578e-4
申昌書畫室,ORG,"1889, 1883, 1884, 1882, 1881, 1886, 1890, 1885, 1907",25,1,0.001095290251916758,0,0,1
申昌洋行,ORG,1873,5,0,0,0,0,NA
發審局,ORG,"1901, 1898, 1886, 1904, 1893, 1884",6,1,0.001095290251916758,0,0,1
白玉,PERSON,"1881, 1939, 1930, 1924, 1946",5,0,0,0,0,NA
白繙,PERSON,"1881, 1880, 1903, 1902",7,1,0.001095290251916758,3.5641976075918527e-4,0,5.189413596263622e-4
皮因,PERSON,1872,40,26,0.028477546549835708,0.9174732051469211,1486.5918259566283,7.968127490039841e-4
盆湯弄絲業會館,ORG,"1883, 1913, 1914, 1918",18,2,0.002190580503833516,0.00281254312216759,5.123820375851492,5.55247084952804e-4
知照,PERSON,"1893, 1921, 1923, 1932, 1901, 1883, 1907, 1929, 1928, 1933",15,1,0.001095290251916758,0.00807141415965805,0,6.968641114982578e-4
石秀,PERSON,"1912, 1873, 1946, 1939, 1944, 1940, 1941, 1948",18,0,0,0,0,NA
石邑尊,PERSON,"1878, 1879, 1883",6,0,0,0,0,NA
硝磺局,ORG,"1941, 1899, 1909, 1904, 1912, 1947, 1935, 1922, 1901, 1882, 1915, 1907, 1923, 1914, 1931, 1913, 1933, 1926, 1927, 1934, 1932",29,0,0,0,0,NA
祝融,PERSON,"1893, 1884, 1904, 1896, 1900, 1899, 1894, 1902, 1903, 1901, 1891, 1897, 1892, 1890, 1886, 1895, 1885, 1887, 1898, 1877, 1928, 1876, 1920, 1934",77,1,0.001095290251916758,6.997971950219103e-4,0,5.293806246691371e-4
祥茂洋行,ORG,"1911, 1910, 1909, 1916, 1903, 1901, 1904, 1900, 1894, 1935, 1899, 1879, 1934, 1908, 1923, 1926, 1921, 1937, 1941, 1946, 1897, 1896, 1929, 1893, 1913, 1939, 1919, 1933, 1922, 1914, 1920",58,0,0,0,0,NA
福利洋行,ORG,"1873, 1879, 1876",10,1,0.001095290251916758,0.03125281934012917,0,7.358351729212656e-4
福尼兒,PERSON,1884,8,1,0.001095290251916758,4.210508467313271e-6,0,3.853564547206166e-4
福興洋行,ORG,"1872, 1922, 1916",6,0,0,0,0,NA
禪臣洋行,ORG,"1917, 1910, 1885, 1895, 1903, 1899, 1872, 1875, 1934, 1914, 1932, 1924, 1889, 1890, 1897, 1892, 1936, 1939, 1873, 1927, 1933, 1918",83,13,0.014238773274917854,0.5443134908554775,378.0718516204036,7.336757153338225e-4
禪臣行洋行,ORG,"1873, 1872",57,4,0.004381161007667032,0.10630729926293347,63.20196522883985,6.872852233676976e-4
秀英,PERSON,"1910, 1918, 1934, 1889, 1940, 1936, 1932, 1929, 1927, 1937, 1887, 1920, 1872, 1948",16,0,0,0,0,NA
秀貞,PERSON,"1880, 1918, 1907, 1926, 1947",5,0,0,0,0,NA
秦少卿,PERSON,"1889, 1894, 1900, 1899, 1885, 1892, 1884, 1891, 1897, 1886, 1893, 1890, 1895, 1896, 1888",47,0,0,0,0,NA
秦鏡,PERSON,"1885, 1915, 1923, 1894, 1876",5,0,0,0,0,NA
秦長順,PERSON,"1911, 1909, 1897, 1910, 1896, 1881, 1900, 1898, 1908",15,1,0.001095290251916758,0,0,0.3333333333333333
稅務司,ORG,"1894, 1900, 1911, 1895, 1896, 1901, 1878, 1919, 1893, 1908, 1933, 1905, 1929, 1892, 1898, 1906, 1907, 1946, 1887, 1916, 1928, 1922, 1924, 1926, 1948, 1939, 1903, 1885, 1910",42,4,0.004381161007667032,0.034966342853063874,518.7764087952957,7.616146230007616e-4
立德洋行,ORG,"1881, 1892, 1905, 1878, 1872, 1900, 1901, 1873, 1876, 1898",51,13,0.014238773274917854,0.5711544881499009,2038.3547446021714,8.410428931875525e-4
章志,PERSON,"1883, 1946, 1939",5,0,0,0,0,NA
竹坪,PERSON,"1882, 1880, 1881, 1887, 1874",7,0,0,0,0,NA
米洋,PERSON,"1919, 1913, 1910, 1909, 1894, 1914, 1907, 1918, 1883, 1908, 1891, 1889",15,0,0,0,0,NA
粤海關,ORG,"1872, 1922, 1924, 1888, 1907, 1921",7,1,0.001095290251916758,0.023679373214851546,0,5.515719801434088e-4
索洋,PERSON,"1910, 1927, 1884, 1896, 1920, 1881",8,0,0,0,0,NA
總局,ORG,"1909, 1901, 1933, 1936, 1924, 1900, 1948, 1935, 1904, 1910, 1892, 1894, 1932, 1889, 1908, 1886, 1902, 1929, 1934, 1943, 1898, 1880, 1887, 1876, 1931, 1893, 1897, 1895, 1912, 1896, 1937, 1878, 1907, 1890, 1911, 1916, 1881, 1885, 1926, 1921, 1915, 1884, 1930, 1928, 1927, 1905, 1913, 1923, 1877, 1947, 1918, 1875, 1914, 1945, 1906, 1883, 1882, 1939",215,4,0.004381161007667032,0.033207131902974085,1576.8226608655943,7.8064012490242e-4
總巡局,ORG,"1904, 1909, 1897, 1886, 1891, 1901, 1900, 1877, 1902, 1895, 1898, 1896, 1903, 1899, 1893, 1892, 1887, 1907",83,0,0,0,0,NA
美,PERSON,1873,7,13,0.014238773274917854,0.2515515768607211,769.9560024247346,7.220216606498195e-4
美國領事署,ORG,"1912, 1907, 1897, 1910, 1879, 1886, 1889, 1887, 1930, 1936, 1902, 1877, 1916, 1921, 1924, 1900, 1923, 1873, 1934, 1917, 1935",24,1,0.001095290251916758,0.0022008323009806772,0,6.176652254478073e-4
美地蘭,PERSON,1872,41,26,0.028477546549835708,0.9174732051469202,1486.5918259566283,7.968127490039841e-4
美查洋行,ORG,"1872, 1883",89,6,0.0065717415115005475,0.06471252716334082,2130.5,6.464124111182935e-4
美記洋行,ORG,"1873, 1886, 1878, 1891, 1894, 1872, 1890, 1893, 1887, 1892, 1889, 1888",48,3,0.0032858707557502738,0.13968868872163911,261.227363503929,8.045052292839903e-4
義和洋行,ORG,"1889, 1872, 1913, 1912",7,0,0,0,0,NA
義泰洋行,ORG,"1922, 1872, 1879, 1939",7,6,0.0065717415115005475,0.1699058751530823,600.0281924907039,8.19000819000819e-4
義泰行,ORG,"1879, 1872, 1925, 1873",5,4,0.004381161007667032,0.24162161647630537,24.18466772045212,6.447453255963894e-4
義渡總局,ORG,"1878, 1888, 1929, 1923, 1928",5,0,0,0,0,NA
義興洋行,ORG,"1872, 1901",46,10,0.01095290251916758,0.5105049327858047,244.4008138127588,7.49063670411985e-4
翁已蘭,PERSON,"1883, 1884",10,5,0.00547645125958379,0.048983902435415345,2633.834019751442,6.583278472679394e-4
翁巳蘭,PERSON,1883,13,5,0.00547645125958379,0.002017972929412759,70.46896446795152,4.962779156327543e-4
翰林院,ORG,"1892, 1872, 1883, 1931, 1894, 1908",6,4,0.004381161007667032,0,6,0.25
老德記藥房,ORG,"1884, 1872, 1898, 1914, 1917, 1881",17,9,0.009857612267250822,0.42387002667572427,329.29532462039714,6.76132521974307e-4
老沙遜洋行,ORG,"1911, 1892, 1900, 1885, 1904, 1919, 1893, 1889, 1884, 1916, 1921, 1936, 1899, 1922, 1891, 1909, 1882",22,1,0.001095290251916758,3.6173723033818284e-5,0,4.0241448692152917e-4
耶松船廠,ORG,"1901, 1920, 1895, 1876, 1926, 1915, 1918, 1932",8,2,0.002190580503833516,0.004249769531641304,47.9506139543545,6.317119393556538e-4
聖鑒,PERSON,"1903, 1909, 1947, 1907, 1881, 1877, 1874, 1888, 1897, 1908",11,1,0.001095290251916758,6.997971950219034e-4,0,5.293806246691371e-4
育嬰堂,ORG,"1896, 1892, 1883, 1924, 1922, 1929, 1928, 1935",10,1,0.001095290251916758,0.0019100509791450649,0,5.402485143165856e-4
胡三,PERSON,"1915, 1914, 1902, 1884, 1905",5,1,0.001095290251916758,6.997971950218998e-4,0,5.293806246691371e-4
胡供,PERSON,"1910, 1911, 1918, 1880, 1903, 1896, 1901",7,2,0.002190580503833516,0.010967104670671465,84.69346385295295,7.00770847932726e-4
胡小松,PERSON,"1886, 1883, 1884, 1895",5,2,0.002190580503833516,4.7054010607165757e-4,358.00000000000006,4.701457451810061e-4
胡王,PERSON,"1914, 1879, 1896, 1926, 1935",5,0,0,0,0,NA
胡都戎,PERSON,"1885, 1884, 1886, 1883",5,1,0.001095290251916758,0,0,0.14285714285714285
胡雪巖,PERSON,"1883, 1884, 1885, 1881, 1929",6,0,0,0,0,NA
興隆洋行,ORG,"1880, 1884, 1908, 1896, 1885, 1928, 1901",8,2,0.002190580503833516,0.03227902929098638,48.50304327934913,7.369196757553427e-4
花旗公司,ORG,"1923, 1918, 1919, 1875",5,0,0,0,0,NA
英洋,PERSON,"1884, 1880, 1874, 1893, 1890, 1878",8,1,0.001095290251916758,4.3675030868881035e-6,0,3.8066235249333843e-4
英界會審公廨,ORG,"1898, 1897, 1899, 1902, 1903, 1904, 1900, 1901, 1922, 1923, 1929, 1924, 1925, 1926, 1921, 1920, 1933, 1912, 1905, 1913, 1916, 1928, 1914, 1911, 1909, 1918, 1919, 1917, 1915, 1908, 1910, 1906, 1907, 1879, 1881, 1889, 1896, 1894, 1885, 1880, 1888, 1892, 1883, 1886, 1891, 1895, 1877, 1882, 1893, 1878, 1890, 1887, 1884, 1876, 1931",626,46,0.050383351588170866,0.10499124105310081,17260.397139480072,9.285051067780873e-4
英租界巡捕房,ORG,"1903, 1885, 1897, 1896, 1887, 1907, 1884, 1890, 1892, 1882, 1898, 1888, 1908",15,1,0.001095290251916758,0,0,1
英總領事署,ORG,"1904, 1903, 1902, 1900, 1896, 1899, 1911, 1929, 1932, 1897, 1926, 1927, 1898, 1895, 1914, 1922, 1888, 1879, 1910, 1893, 1886, 1892, 1881, 1894, 1885, 1924, 1889, 1906, 1915, 1933, 1890, 1918, 1882, 1891, 1884, 1925, 1883, 1887, 1909, 1908, 1880, 1905",102,6,0.0065717415115005475,0.03766652713430784,1352.166701300778,7.627765064836003e-4
茂才,PERSON,"1881, 1895, 1901, 1896, 1900, 1887, 1882",8,0,0,0,0,NA
范某,PERSON,"1936, 1882, 1905, 1931, 1920",5,0,0,0,0,NA
范邑尊,PERSON,1882,6,0,0,0,0,NA
荳腐店,ORG,"1924, 1927, 1885, 1915, 1946, 1881, 1914, 1896, 1878, 1925, 1891, 1923",13,1,0.001095290251916758,0.03125281934012917,0,7.358351729212656e-4
莊子,PERSON,"1875, 1922, 1945, 1923, 1946, 1933, 1934, 1924",8,0,0,0,0,NA
莫繩孫,PERSON,1883,5,1,0.001095290251916758,0,0,0.3333333333333333
莫邑尊,PERSON,"1885, 1884, 1886, 1881, 1880, 1887, 1876, 1882, 1877, 1878, 1879",102,15,0.01642935377875137,0.034530892233200196,8411.961585322451,8.058017727639e-4
華利銀行,ORG,"1872, 1923",43,11,0.012048192771084338,0.558473252572268,270.44401688812565,7.524454477050414e-4
華商保安公司,ORG,1873,16,4,0.004381161007667032,0.10623287686842522,48.65352779392336,6.863417982155113e-4
華民政務司,ORG,"1920, 1930, 1934, 1922, 1914, 1874",15,0,0,0,0,NA
華泰,ORG,"1876, 1921, 1934, 1947",5,0,0,0,0,NA
華泰洋行,ORG,"1872, 1914, 1934",6,0,0,0,0,NA
華記洋行,ORG,"1919, 1932, 1937, 1874, 1920",6,0,0,0,0,NA
華麥氣,PERSON,1872,5,8,0.008762322015334063,0.32377382981860736,62.02790603094516,6.920415224913495e-4
萬昌公司,ORG,"1875, 1873, 1874, 1872",7,3,0.0032858707557502738,0.0645638360694396,17.455641408295556,6.293266205160479e-4
萬波,PERSON,1883,5,2,0.002190580503833516,0.005034414052315145,178.50000000000003,5.254860746190226e-4
葉公,PERSON,"1874, 1872, 1926, 1873, 1932",5,0,0,0,0,NA
葉子,PERSON,"1882, 1947, 1909, 1946",7,0,0,0,0,NA
葉子戲,PERSON,"1878, 1894, 1893, 1896, 1907",6,0,0,0,0,NA
葉邑尊,PERSON,"1874, 1873, 1875, 1872, 1883, 1917",12,1,0.001095290251916758,1.0522234445659682e-4,0,4.514672686230248e-4
葉阿三,PERSON,"1881, 1880, 1910, 1908, 1898, 1899, 1937, 1929",8,3,0.0032858707557502738,3.651288011946905e-4,885.5,5.216484089723526e-4
葛蕃甫,PERSON,"1885, 1891, 1889, 1890, 1878, 1896, 1892",11,1,0.001095290251916758,0,0,0.3333333333333333
董某,PERSON,"1910, 1901, 1889, 1908, 1877",5,0,0,0,0,NA
蔡春生,PERSON,"1876, 1877, 1905",8,1,0.001095290251916758,0.002431362825056597,0,5.837711617046118e-4
蔡永興,PERSON,"1874, 1911, 1912, 1913, 1901",6,0,0,0,0,NA
蔡阿五,PERSON,"1911, 1915, 1879, 1928",5,0,0,0,0,NA
薙髮店,ORG,"1897, 1884, 1892, 1894, 1890",6,0,0,0,0,NA
薛梅溪,PERSON,1883,8,0,0,0,0,NA
蘇州府,ORG,"1904, 1899, 1892, 1900, 1877, 1903, 1909",8,0,0,0,0,NA
蘇東坡,PERSON,"1922, 1934, 1923, 1932, 1926, 1939, 1919, 1872",13,0,0,0,0,NA
蘇軾,PERSON,"1884, 1912, 1930, 1915, 1937",5,1,0.001095290251916758,0.01653644435646462,0,6.357279084551812e-4
蘇閶,PERSON,"1879, 1881, 1878, 1877",8,0,0,0,0,NA
裁判所,ORG,"1911, 1912, 1908, 1898, 1910, 1906, 1909, 1903, 1882, 1916",71,0,0,0,0,NA
裕保險公司,ORG,"1873, 1872",6,0,0,0,0,NA
裕昌洋行,ORG,"1896, 1914, 1879, 1894, 1885, 1897, 1901, 1909",10,1,0.001095290251916758,0.03125281934012912,0,7.358351729212656e-4
裕盛洋行,ORG,"1873, 1872",16,5,0.00547645125958379,0.11133103193782572,149.2806054508604,6.854009595613434e-4
西施,PERSON,"1887, 1878, 1889, 1926, 1941",5,0,0,0,0,NA
許之,PERSON,"1884, 1879, 1902, 1901, 1878, 1920",6,0,0,0,0,NA
許仁昌絲棧,ORG,1872,6,1,0.001095290251916758,0.04351555340006923,0,6.680026720106881e-4
許曉初,PERSON,"1943, 1940, 1946, 1933, 1936, 1944, 1939, 1884, 1942, 1935, 1947, 1937",27,0,0,0,0,NA
許阿二,PERSON,"1896, 1884, 1910, 1931, 1937",6,0,0,0,0,NA
諸葛,PERSON,"1901, 1918, 1915, 1934, 1914, 1872, 1942, 1941, 1923, 1948",10,3,0.0032858707557502738,0.0259715692386367,17.732171592248687,6.489292667099286e-4
謝剌史,PERSON,"1877, 1878, 1876, 1875",7,3,0.0032858707557502738,0.017593443084484975,1068.2142857142858,6.653359946773121e-4
謝洋,PERSON,"1878, 1892, 1900, 1877, 1889, 1872, 1926, 1887, 1881, 1930, 1937, 1940, 1898, 1922, 1914, 1927, 1915, 1920, 1917, 1932, 1939, 1885, 1913, 1931, 1948, 1934, 1916, 1929, 1924, 1928, 1933, 1935, 1923, 1918",74,16,0.017524644030668127,0.6239617155051728,541.3990773215887,7.304601899196494e-4
謝燕章,PERSON,"1900, 1885, 1882",5,0,0,0,0,NA
謝雲卿,PERSON,"1878, 1899, 1930, 1928, 1931, 1902",8,0,0,0,0,NA
譚中丞,PERSON,"1880, 1886",8,0,0,0,0,NA
譚同興,PERSON,"1878, 1886, 1904, 1903, 1885, 1888, 1932, 1929, 1876",14,2,0.002190580503833516,0.04416970364267771,358,6.472491909385113e-4
譚方伯,PERSON,"1884, 1885, 1880",6,0,0,0,0,NA
豐泰洋行,ORG,"1919, 1920, 1911, 1901, 1904, 1875, 1914, 1888, 1886, 1913",14,1,0.001095290251916758,0.00414161307579251,0,5.558643690939411e-4
豐裕洋行,ORG,"1872, 1895, 1879, 1885, 1904, 1894, 1915, 1903, 1898, 1900, 1889, 1909, 1897, 1891, 1927, 1926, 1932",32,8,0.008762322015334063,0.3992540935608486,300.95528679499034,7.369196757553427e-4
豐裕行,ORG,"1873, 1872, 1897, 1900",6,1,0.001095290251916758,0.025342786031841175,0,5.790387955993051e-4
貝勒,PERSON,"1886, 1884, 1913, 1914, 1889",5,0,0,0,0,NA
貨捐局,ORG,"1909, 1908, 1902, 1896, 1899, 1897, 1900, 1894, 1905, 1911, 1881, 1893, 1888, 1903, 1882, 1892, 1898, 1874, 1924, 1907, 1906",44,2,0.002190580503833516,0.0033969863726339027,358,5.970149253731343e-4
趙丫頭,PERSON,"1882, 1895, 1903, 1902",6,0,0,0,0,NA
趙張,PERSON,"1921, 1908, 1884, 1898, 1936, 1929, 1931, 1930",10,0,0,0,0,NA
趙王,PERSON,"1908, 1883, 1921, 1920, 1919, 1918, 1928, 1888, 1935, 1945, 1932",12,0,0,0,0,NA
趙逸如,PERSON,"1872, 1873",25,27,0.029572836801752465,0.5660410761005269,7013.557840242471,8.77963125548727e-4
趙邑尊,PERSON,"1884, 1887, 1882",6,0,0,0,0,NA
趙金,PERSON,"1909, 1883, 1892, 1927, 1887, 1921, 1889, 1936",10,0,0,0,0,NA
趙錫光,PERSON,"1928, 1880, 1937, 1929, 1930",5,0,0,0,0,NA
載生洋行,ORG,"1881, 1872, 1875, 1878, 1874",38,17,0.018619934282584884,0.4984205224350064,3585.945353348109,8.64304235090752e-4
輪船局,ORG,"1916, 1895, 1879, 1920, 1906, 1931, 1927",7,0,0,0,0,NA
輪船招商局,ORG,"1873, 1914, 1885, 1886, 1913",7,1,0.001095290251916758,0.004637406645775213,0,5.425935973955507e-4
通源洋行,ORG,"1877, 1930, 1893, 1892, 1929",5,0,0,0,0,NA
通裕局,ORG,"1885, 1883, 1884",5,3,0.0032858707557502738,0.0020774647085189746,390.56275836889154,5.414185165132648e-4
道署,ORG,"1876, 1908, 1886, 1910, 1909, 1911, 1902, 1888, 1900, 1918, 1920, 1906, 1903, 1907, 1923, 1922",22,0,0,0,0,NA
遠來洋行,ORG,"1885, 1872",5,0,0,0,0,NA
遠地書坊,ORG,1873,6,2,0.002190580503833516,0.04160669664679768,3.273431055747083,6.184291898577613e-4
邵伯,PERSON,"1898, 1883, 1930, 1933, 1928, 1911, 1927",7,0,0,0,0,NA
郭某,PERSON,"1932, 1879, 1900, 1929, 1926",5,0,0,0,0,NA
郭煜興,PERSON,"1908, 1910, 1900, 1899, 1883",5,0,0,0,0,NA
都察院,ORG,"1896, 1884, 1909, 1904, 1911, 1908, 1893, 1926, 1878, 1891",14,4,0.004381161007667032,0.009898476858067799,784.16700044763,5.830903790087463e-4
鄭供,PERSON,"1914, 1878, 1893, 1900, 1910, 1879",9,2,0.002190580503833516,0.005548488020702948,7.517611599869664,5.906674542232723e-4
鄭和,PERSON,"1883, 1919, 1928",6,0,0,0,0,NA
鄭富香,PERSON,"1882, 1883",9,2,0.002190580503833516,0.017488220740028378,0.21428571428571425,6.626905235255136e-4
鄭景周,PERSON,"1884, 1886, 1885",6,1,0.001095290251916758,0,0,1
鄭樹堂,PERSON,"1883, 1878",5,0,0,0,0,NA
鄭樹棠,PERSON,1882,6,2,0.002190580503833516,0.017488220740028395,0.21428571428571425,6.626905235255136e-4
鄭洪年,PERSON,"1872, 1933, 1928, 1927, 1924, 1934, 1925, 1920, 1931, 1932, 1936, 1929, 1939",38,10,0.01095290251916758,0.3080162573756732,561.0142386827532,6.872852233676976e-4
鄭重,PERSON,"1880, 1932, 1946, 1939, 1935, 1927, 1948, 1933, 1928, 1945, 1940",13,2,0.002190580503833516,0.008822321264636997,358,6.626905235255136e-4
鄭阿二,PERSON,"1908, 1903, 1880, 1919, 1885, 1889",7,2,0.002190580503833516,0.010987529350648118,2.2524563665439556,6.161429451632779e-4
鄭阿林,PERSON,"1878, 1905, 1931, 1913",5,1,0.001095290251916758,0.002752696812392805,0,5.851375073142189e-4
鄭陶齋,PERSON,"1900, 1878, 1914, 1915, 1905",7,1,0.001095290251916758,0,0,0.3333333333333333
醉六堂書坊,ORG,1873,5,2,0.002190580503833516,0.041606696646797704,3.273431055747083,6.184291898577613e-4
金士良,PERSON,"1881, 1904, 1876",5,1,0.001095290251916758,2.0776392813016408e-4,0,5.125576627370579e-4
金寶,PERSON,"1907, 1881, 1918, 1910, 1888",6,0,0,0,0,NA
金桂,PERSON,"1908, 1876, 1928, 1905, 1889, 1894, 1924, 1896, 1909, 1873",13,1,0.001095290251916758,2.0776392813016257e-4,0,5.125576627370579e-4
金桂生,PERSON,"1916, 1901, 1932, 1903, 1879, 1948",8,0,0,0,0,NA
金榮,PERSON,"1901, 1918, 1925, 1900, 1884, 1932, 1899, 1935, 1928, 1933",11,0,0,0,0,NA
金福,PERSON,"1915, 1923, 1897, 1888, 1903, 1912, 1879, 1926, 1910, 1942, 1919, 1924, 1932",14,1,0.001095290251916758,1.018691530823969e-4,0,4.7961630695443646e-4
金練,PERSON,"1913, 1895, 1907, 1911, 1891, 1883",7,0,0,0,0,NA
金裕卿,PERSON,"1892, 1899, 1881, 1889, 1891",5,0,0,0,0,NA
金邑尊,PERSON,"1894, 1898, 1884, 1897, 1881, 1883, 1892",10,1,0.001095290251916758,3.477889281286842e-4,0,5.141388174807198e-4
金鳳,PERSON,"1879, 1917, 1878, 1880, 1940, 1905, 1938, 1928, 1931, 1936",10,0,0,0,0,NA
錢榮生,PERSON,"1902, 1882, 1943, 1944, 1883",6,2,0.002190580503833516,0.017488220740028412,0.21428571428571425,6.626905235255136e-4
錢洋,PERSON,"1872, 1911, 1893, 1922, 1926",5,0,0,0,0,NA
錢炳奎,PERSON,"1886, 1919, 1893, 1881, 1879, 1894",6,0,0,0,0,NA
錢邑尊,PERSON,"1878, 1887, 1881, 1875, 1910, 1888, 1879",8,0,0,0,0,NA
錢阿三,PERSON,"1908, 1878, 1900, 1917, 1931",6,0,0,0,0,NA
錦名洋行,ORG,"1893, 1897, 1889, 1890, 1891, 1886, 1872, 1927, 1928, 1926, 1934, 1935, 1898",26,0,0,0,0,NA
長利洋行,ORG,"1902, 1873, 1892, 1888, 1886, 1896, 1881, 1884, 1882, 1879, 1875, 1885, 1914",20,6,0.0065717415115005475,0.0013250923066995197,1780,5.790387955993051e-4
長春,PERSON,"1879, 1934, 1923",5,2,0.002190580503833516,0.011254426771007587,38.86033156096481,7.027406886858749e-4
長林,PERSON,"1876, 1934, 1894, 1878, 1929, 1928",6,0,0,0,0,NA
長洲縣署,ORG,"1910, 1895, 1897, 1903, 1902, 1877, 1881",8,0,0,0,0,NA
長發棧,ORG,"1898, 1885, 1897, 1895, 1918, 1872, 1893",7,0,0,0,0,NA
長豐,ORG,"1880, 1898, 1899, 1902, 1932, 1893, 1915, 1933",9,0,0,0,0,NA
關道憲,PERSON,"1882, 1904, 1897, 1892, 1903, 1898, 1890, 1899, 1893, 1889, 1894",21,0,0,0,0,NA
阮文達,PERSON,"1884, 1926",5,1,0.001095290251916758,0,0,1
阿七,PERSON,"1918, 1895, 1881, 1892, 1877, 1897, 1879, 1915, 1933, 1893",11,1,0.001095290251916758,0.0030611484766535006,0,6.079027355623101e-4
阿三,PERSON,"1895, 1886, 1921, 1923, 1910, 1877, 1879, 1918, 1889, 1896, 1930, 1911, 1900, 1894, 1897, 1899, 1898, 1904, 1893, 1917, 1914, 1885, 1881, 1892, 1905, 1908, 1907, 1920, 1906, 1884, 1915, 1891, 1890, 1913, 1931, 1928, 1927, 1933, 1922, 1939, 1942, 1924",64,1,0.001095290251916758,0,0,1
阿九,PERSON,"1875, 1876, 1903, 1906, 1937, 1888, 1934",7,0,0,0,0,NA
阿二,PERSON,"1915, 1895, 1893, 1885, 1899, 1898, 1912, 1926, 1904, 1909, 1910, 1930, 1902, 1903, 1920, 1900, 1936, 1919, 1908, 1923, 1917, 1918, 1905, 1911, 1916, 1929, 1882, 1889, 1894, 1884, 1886, 1921, 1907, 1897, 1935, 1872, 1896, 1933, 1891, 1928, 1939, 1927, 1887, 1924, 1913, 1947, 1942",84,1,0.001095290251916758,0,0,0.14285714285714285
阿儂,PERSON,"1883, 1877, 1887, 1888, 1922",5,0,0,0,0,NA
阿全,PERSON,"1878, 1893, 1917, 1909, 1886, 1889, 1928, 1935",9,0,0,0,0,NA
阿六,PERSON,"1917, 1885, 1897, 1899, 1892, 1895, 1903, 1889, 1896, 1893, 1886, 1911, 1879, 1904, 1908, 1884, 1914, 1909, 1890, 1888, 1906, 1900, 1907, 1891, 1933, 1932, 1940, 1930, 1924",46,4,0.004381161007667032,0.011958635459895464,1222.1506526910605,7.178750897343862e-4
阿四,PERSON,"1899, 1919, 1893, 1894, 1903, 1898, 1915, 1946, 1904, 1920, 1891, 1930, 1917, 1911, 1902, 1901, 1909, 1923, 1884, 1900, 1886, 1889, 1924, 1896, 1906, 1916, 1881, 1913, 1931, 1895, 1939, 1928, 1885, 1934, 1932, 1933, 1942",59,3,0.0032858707557502738,0.0038872213002374327,181.3483352205284,6.222775357809583e-4
阿坤,PERSON,"1916, 1877, 1886, 1892, 1880, 1943, 1925, 1935, 1933",11,0,0,0,0,NA
阿大,PERSON,"1894, 1908, 1918, 1912, 1900, 1936, 1899, 1925, 1909, 1891, 1890, 1915, 1892, 1886, 1881, 1885, 1919, 1933, 1879, 1887, 1907, 1888, 1935, 1889, 1897, 1896, 1939, 1930, 1928, 1931",41,0,0,0,0,NA
阿寶,PERSON,"1919, 1923, 1903, 1895, 1892, 1935, 1883, 1930, 1928",9,0,0,0,0,NA
阿巧,PERSON,"1899, 1910, 1904, 1914, 1891, 1895, 1909, 1898, 1889, 1873, 1917, 1905, 1923, 1913, 1920",19,1,0.001095290251916758,0.03682922916437498,0,6.891798759476223e-4
阿德,PERSON,"1916, 1875, 1897, 1919, 1898, 1931, 1887",7,0,0,0,0,NA
阿慶,PERSON,"1888, 1879, 1893, 1919, 1880, 1890, 1922, 1904, 1918",10,0,0,0,0,NA
阿才,PERSON,"1912, 1884, 1909, 1889, 1925, 1891, 1894, 1935, 1896, 1893",12,0,0,0,0,NA
阿春,PERSON,"1893, 1896, 1894, 1904, 1882, 1884, 1892, 1917, 1928, 1938",11,0,0,0,0,NA
阿木,PERSON,"1910, 1894, 1903, 1878, 1919, 1893, 1906, 1899, 1923, 1904",14,1,0.001095290251916758,0.008071414159658057,0,6.968641114982578e-4
阿東,PERSON,"1881, 1904, 1891, 1893, 1874, 1924, 1915",7,0,0,0,0,NA
阿松,PERSON,"1914, 1874, 1897, 1890, 1900",5,1,0.001095290251916758,1.0522234445659254e-4,0,4.514672686230248e-4
阿林,PERSON,"1918, 1902, 1910, 1884, 1900, 1904, 1909, 1906, 1890, 1893, 1928, 1922, 1933, 1929, 1923, 1936",20,0,0,0,0,NA
阿桂,PERSON,"1922, 1908, 1879, 1896, 1891, 1902, 1894, 1901, 1904, 1898, 1915, 1911, 1899, 1905, 1907, 1906, 1929, 1927",24,0,0,0,0,NA
阿榮,PERSON,"1894, 1909, 1910, 1901, 1923, 1884, 1897, 1887, 1900, 1903, 1905, 1896, 1886, 1899, 1889, 1930, 1914, 1898, 1890, 1933, 1906, 1928, 1927, 1929",29,0,0,0,0,NA
阿正,PERSON,"1893, 1886, 1918, 1883, 1894",5,2,0.002190580503833516,0.017488220740028388,0.21428571428571425,6.626905235255136e-4
阿毛,PERSON,"1931, 1893, 1926, 1911, 1917, 1924, 1896, 1902, 1928, 1916, 1919, 1918, 1903, 1913, 1897, 1908, 1889, 1922, 1891, 1906, 1881, 1925, 1949, 1907, 1923, 1899, 1895, 1920, 1938, 1930, 1934, 1940, 1935, 1888, 1933, 1936",57,0,0,0,0,NA
阿玉,PERSON,"1923, 1893, 1911, 1936, 1908, 1879, 1933, 1901, 1906, 1939, 1928, 1929",13,0,0,0,0,NA
阿珠,PERSON,"1887, 1905, 1899, 1898, 1889, 1884",9,0,0,0,0,NA
阿生,PERSON,"1903, 1909, 1908, 1891, 1901, 1892, 1879, 1906, 1919, 1893",10,0,0,0,0,NA
阿福,PERSON,"1893, 1900, 1885, 1926, 1915, 1923, 1924, 1895, 1899, 1896, 1930, 1910, 1902, 1889, 1879, 1891, 1931, 1894, 1906, 1886, 1925, 1928, 1913, 1948, 1934",32,0,0,0,0,NA
阿秀,PERSON,"1919, 1900, 1894, 1914, 1901, 1916, 1882, 1896, 1928, 1934",13,0,0,0,0,NA
阿芙蓉,PERSON,"1897, 1915, 1882, 1898, 1890, 1894, 1876, 1928, 1924",11,0,0,0,0,NA
阿華,PERSON,"1879, 1927, 1923, 1929, 1935",6,0,0,0,0,NA
阿金,PERSON,"1896, 1893, 1909, 1914, 1918, 1885, 1899, 1926, 1884, 1892, 1913, 1921, 1887, 1917, 1900, 1902, 1889, 1897, 1901, 1886, 1898, 1929, 1888, 1875, 1905, 1890, 1922, 1931, 1928, 1904, 1895, 1872, 1920, 1930, 1934, 1935",71,0,0,0,0,NA
阿龍,PERSON,"1913, 1924, 1920, 1904, 1901, 1894, 1882, 1935",10,0,0,0,0,NA
陳三,PERSON,"1922, 1901, 1931, 1905, 1934, 1913, 1881, 1930, 1894, 1939, 1884, 1888, 1929, 1925",16,1,0.001095290251916758,6.99797195021901e-4,0,5.293806246691371e-4
陳三林,PERSON,"1919, 1921, 1905, 1924, 1918, 1904, 1923, 1925, 1930, 1881, 1910, 1916, 1931, 1929",18,0,0,0,0,NA
陳中,PERSON,"1880, 1913, 1946, 1943, 1929, 1932, 1933",7,0,0,0,0,NA
陳中丞,PERSON,"1883, 1907",5,0,0,0,0,NA
陳之,PERSON,"1920, 1940, 1893, 1926, 1928, 1922, 1884",8,1,0.001095290251916758,0,0,1
陳九,PERSON,"1876, 1912, 1927, 1929, 1911",7,0,0,0,0,NA
陳二,PERSON,"1889, 1901, 1906, 1948, 1932, 1926, 1884",7,1,0.001095290251916758,6.997971950219077e-4,0,5.293806246691371e-4
陳伏乞,PERSON,"1904, 1898, 1930, 1872, 1920, 1879, 1877",8,2,0.002190580503833516,0.11415656301646815,2.238700248634125,6.788866259334691e-4
陳作霖,PERSON,"1918, 1919, 1882, 1903, 1886, 1904, 1916, 1917, 1928, 1940",12,0,0,0,0,NA
陳供,PERSON,"1923, 1912, 1915, 1919, 1914, 1899, 1895, 1884, 1903, 1913, 1901, 1916, 1911, 1906, 1904, 1898, 1921, 1900, 1889, 1886, 1894, 1902, 1897, 1907, 1893, 1908, 1946, 1931, 1887, 1888",46,0,0,0,0,NA
陳公,PERSON,"1874, 1875, 1872, 1873, 1930",21,1,0.001095290251916758,0.012027266227595396,0,6.389776357827476e-4
陳卽,PERSON,"1875, 1913, 1879, 1889, 1887, 1911, 1934, 1891, 1874, 1881, 1917",12,1,0.001095290251916758,0,0,1
陳友仁,PERSON,"1931, 1935, 1927, 1882, 1928, 1929",10,2,0.002190580503833516,0.017488220740028388,0.21428571428571425,6.626905235255136e-4
陳司馬,PERSON,"1879, 1877, 1878, 1880, 1875, 1886, 1900, 1899, 1876, 1901, 1874, 1909, 1872, 1917, 1873, 1894, 1910, 1940",164,38,0.0416210295728368,0.40653003600395154,21639.87651977093,9.99000999000999e-4
陳同,PERSON,"1899, 1884, 1901, 1900, 1949, 1892, 1935",7,0,0,0,0,NA
陳四福,PERSON,"1908, 1912, 1918, 1883, 1900",5,0,0,0,0,NA
陳壽山,PERSON,"1919, 1899, 1882, 1896, 1928",5,0,0,0,0,NA
陳大,PERSON,"1914, 1875, 1898, 1911, 1929, 1902, 1925, 1941, 1926, 1947, 1921, 1948, 1935, 1882, 1876",18,0,0,0,0,NA
陳子卿,PERSON,"1904, 1884, 1903, 1934, 1883, 1908, 1895, 1900, 1929, 1914, 1891, 1917, 1928",16,1,0.001095290251916758,4.53625965024547e-4,0,4.679457182966776e-4
陳子林,PERSON,"1881, 1924, 1904, 1929, 1935",6,0,0,0,0,NA
陳張,PERSON,"1918, 1906, 1903, 1883, 1929, 1909, 1888, 1946, 1930, 1892, 1922, 1913, 1927, 1932, 1947, 1940",18,1,0.001095290251916758,4.536259650245486e-4,0,4.679457182966776e-4
陳彩霞,PERSON,"1942, 1925, 1926, 1873, 1924",6,0,0,0,0,NA
陳德明,PERSON,"1880, 1940, 1933, 1936, 1939, 1887, 1932, 1915",10,0,0,0,0,NA
陳恩普,PERSON,"1929, 1883, 1930, 1940",11,0,0,0,0,NA
陳惟,PERSON,"1900, 1885, 1874, 1907, 1925",5,0,0,0,0,NA
陳戴,PERSON,"1911, 1884, 1932",6,1,0.001095290251916758,0.008071414159658051,0,6.968641114982578e-4
陳明,PERSON,"1921, 1920, 1925, 1883, 1930, 1929, 1918, 1876, 1900, 1895, 1913, 1923, 1928, 1906, 1909, 1882, 1947, 1917, 1875, 1897, 1907, 1927, 1932, 1942",33,2,0.002190580503833516,0.003036117993910096,622.2472774417771,6.333122229259025e-4
陳春生,PERSON,"1920, 1875, 1925, 1894, 1918, 1891, 1923, 1909, 1889, 1922, 1937",11,0,0,0,0,NA
陳桂堂,PERSON,"1918, 1898, 1882, 1895, 1894, 1888",6,0,0,0,0,NA
陳榮,PERSON,"1928, 1874, 1918, 1932, 1936, 1914, 1882, 1913",8,1,0.001095290251916758,0.03682922916437498,0,6.891798759476223e-4
陳永,PERSON,"1884, 1921, 1927, 1947",5,1,0.001095290251916758,0,0,1
陳永年,PERSON,"1877, 1882, 1919, 1918, 1934, 1941",6,0,0,0,0,NA
陳永興,PERSON,"1880, 1936, 1930, 1929, 1891",6,0,0,0,0,NA
陳洪,PERSON,"1918, 1901, 1894, 1881, 1885, 1884, 1946, 1932, 1936, 1928",12,0,0,0,0,NA
陳漢章,PERSON,"1915, 1909, 1929, 1880, 1928, 1930, 1917, 1927, 1926",12,0,0,0,0,NA
陳炳生,PERSON,"1917, 1915, 1918, 1883, 1903, 1932, 1933, 1902, 1912, 1923, 1924, 1939",16,1,0.001095290251916758,0.03682922916437496,0,6.891798759476223e-4
陳玉亭,PERSON,"1918, 1917, 1883, 1919, 1887, 1932, 1927",10,0,0,0,0,NA
陳王,PERSON,"1918, 1910, 1915, 1919, 1912, 1902, 1897, 1899, 1884, 1893, 1877, 1895, 1935, 1929, 1924, 1888, 1894, 1885, 1928, 1939, 1927, 1934",31,0,0,0,0,NA
陳瑞生,PERSON,"1917, 1891, 1887, 1908, 1921, 1902, 1880, 1935, 1925, 1939, 1904, 1928",15,0,0,0,0,NA
陳省三,PERSON,"1924, 1884, 1890, 1910",8,0,0,0,0,NA
陳福生,PERSON,"1898, 1919, 1915, 1893, 1940, 1914, 1878, 1911, 1921, 1928, 1920, 1903, 1899, 1910, 1900, 1902, 1927, 1892, 1948, 1944, 1930, 1938, 1939",28,0,0,0,0,NA
陳程,PERSON,"1897, 1881, 1921, 1932, 1927, 1913",6,0,0,0,0,NA
陳竹坪,PERSON,"1883, 1887, 1884, 1881, 1885, 1888, 1880, 1886, 1889",12,1,0.001095290251916758,0.008071414159658034,0,6.968641114982578e-4
陳耀堂,PERSON,"1900, 1930, 1948, 1944, 1883",6,0,0,0,0,NA
陳與昌,PERSON,"1887, 1895, 1896, 1889, 1883, 1882, 1927",7,3,0.0032858707557502738,0.01759281377379691,714.2142857142857,6.64451827242525e-4
陳裕昌,PERSON,"1917, 1927, 1878, 1928, 1935",6,0,0,0,0,NA
陳金山,PERSON,"1908, 1898, 1879, 1943, 1927, 1924, 1905, 1934, 1926, 1918, 1946",13,1,0.001095290251916758,0.008071414159658062,0,6.968641114982578e-4
陳金生,PERSON,"1911, 1919, 1909, 1902, 1910, 1907, 1908, 1901, 1889, 1905, 1887, 1918, 1915, 1899, 1881, 1920, 1904, 1916, 1923, 1932, 1931, 1936, 1927, 1939, 1929, 1928, 1934",43,0,0,0,0,NA
陳錦章,PERSON,"1913, 1896, 1904, 1899, 1882, 1921, 1887, 1917, 1927, 1939",10,1,0.001095290251916758,1.0459303376852601e-4,0,4.506534474988734e-4
陳錦華,PERSON,"1908, 1881, 1883, 1915, 1904, 1948",6,0,0,0,0,NA
陳錫卿,PERSON,"1918, 1914, 1913, 1883, 1917",5,1,0.001095290251916758,4.536259650245507e-4,0,4.679457182966776e-4
陳長福,PERSON,"1897, 1886, 1884, 1895, 1923, 1939",7,1,0.001095290251916758,2.642927566671656e-4,0,4.928536224741252e-4
陳阿,PERSON,"1915, 1903, 1893, 1927, 1884, 1886",7,0,0,0,0,NA
陳阿九,PERSON,"1890, 1893, 1881, 1884, 1887, 1896, 1891, 1898, 1902, 1880, 1879, 1892, 1878, 1875, 1897, 1894, 1889, 1882, 1886, 1885, 1888, 1912",49,1,0.001095290251916758,0.008071414159658064,0,6.968641114982578e-4
陳阿二,PERSON,"1910, 1915, 1909, 1918, 1929, 1902, 1898, 1927, 1906, 1900, 1905, 1919, 1894, 1903, 1904, 1916, 1914, 1917, 1896, 1895, 1911, 1908, 1907, 1928, 1938, 1932, 1888, 1935, 1877, 1930",63,0,0,0,0,NA
陳阿五,PERSON,"1885, 1913, 1892, 1894, 1918, 1888, 1884, 1905, 1917, 1926, 1928",11,0,0,0,0,NA
陳阿來,PERSON,"1915, 1884, 1906, 1896, 1873",5,0,0,0,0,NA
陳阿和,PERSON,"1914, 1904, 1899, 1884",5,1,0.001095290251916758,0.008071414159658053,0,6.968641114982578e-4
陳阿四,PERSON,"1899, 1918, 1916, 1914, 1901, 1913, 1902, 1909, 1877, 1881, 1903, 1897, 1908, 1917, 1915, 1929, 1895, 1905, 1907, 1906, 1887, 1911, 1912, 1927, 1922, 1893, 1926, 1928, 1944",48,0,0,0,0,NA
陳阿才,PERSON,"1901, 1897, 1881, 1908, 1932",5,0,0,0,0,NA
陳阿新,PERSON,"1901, 1878, 1904, 1930",5,0,0,0,0,NA
陳阿桂,PERSON,"1910, 1902, 1914, 1898, 1904, 1878, 1894, 1903, 1908, 1882, 1917, 1907, 1896, 1891",19,2,0.002190580503833516,0.02009868038725346,128.05556480083513,7.358351729212656e-4
陳阿榮,PERSON,"1900, 1880, 1914, 1911, 1901, 1904, 1899, 1890, 1902, 1898, 1930, 1923, 1935, 1895, 1888, 1929, 1885",24,2,0.002190580503833516,0.011254426771007594,38.86033156096481,7.027406886858749e-4
陳阿毛,PERSON,"1923, 1895, 1884, 1924, 1918, 1915, 1931, 1911, 1926, 1902, 1908, 1910, 1932, 1928, 1893, 1934, 1919, 1899, 1938",26,0,0,0,0,NA
陳阿炳,PERSON,"1913, 1903, 1896, 1897, 1878, 1901, 1911, 1894, 1890, 1933",11,0,0,0,0,NA
陳阿狗,PERSON,"1917, 1931, 1890, 1896, 1884, 1911, 1912, 1929, 1930",14,0,0,0,0,NA
陳阿生,PERSON,"1887, 1925, 1908, 1892, 1898, 1902, 1893, 1907, 1891, 1900, 1901, 1922, 1873, 1906, 1926",21,1,0.001095290251916758,0.0027526968123928073,0,5.851375073142189e-4
陳阿發,PERSON,"1895, 1909, 1904, 1934, 1910, 1887, 1879, 1926, 1891, 1932, 1899",14,0,0,0,0,NA
陳阿福,PERSON,"1917, 1910, 1887, 1915, 1920, 1876, 1903, 1904, 1908, 1897, 1898, 1909, 1927, 1896, 1926, 1924, 1892, 1907, 1893, 1918, 1913, 1940, 1929",29,1,0.001095290251916758,0.016536444356464636,0,6.357279084551812e-4
陳阿虎,PERSON,"1910, 1890, 1898, 1908, 1900, 1899, 1879, 1915, 1895, 1905, 1889, 1903, 1925",14,0,0,0,0,NA
陳阿金,PERSON,"1900, 1908, 1911, 1927, 1898, 1896, 1909, 1891, 1924, 1901, 1897, 1876, 1889, 1886, 1920, 1930, 1884, 1890, 1925, 1912, 1923",28,0,0,0,0,NA
陳阿順,PERSON,"1895, 1913, 1905, 1877, 1889, 1901, 1893, 1894, 1912, 1915, 1930",12,0,0,0,0,NA
陳陸,PERSON,"1882, 1890, 1924, 1887, 1900, 1903, 1893, 1910, 1920, 1921, 1928",11,0,0,0,0,NA
陳雲卿,PERSON,"1916, 1917, 1918, 1914, 1926, 1921, 1925, 1909, 1899, 1882, 1903, 1942, 1935",26,1,0.001095290251916758,4.885768850877135e-5,0,4.679457182966776e-4
陳順興,PERSON,"1904, 1879, 1916, 1899, 1923, 1900, 1906, 1885, 1894, 1932",11,1,0.001095290251916758,0.008071414159658065,0,6.968641114982578e-4
陳顧,PERSON,"1917, 1886, 1922, 1883, 1929",5,0,0,0,0,NA
陶公,PERSON,"1875, 1876, 1873, 1923",9,0,0,0,0,NA
陶明府,PERSON,"1875, 1876, 1878, 1879, 1902, 1887",8,0,0,0,0,NA
陶淵明,PERSON,"1930, 1934, 1923, 1929, 1916, 1935, 1872, 1948",8,0,0,0,0,NA
陶金榮,PERSON,"1909, 1885, 1886, 1884, 1937",8,0,0,0,0,NA
陸供,PERSON,"1909, 1895, 1912, 1901, 1889, 1908, 1904, 1900, 1902, 1879",17,1,0.001095290251916758,0.00807141415965806,0,6.968641114982578e-4
陸炳生,PERSON,"1883, 1929, 1933, 1948, 1947",5,1,0.001095290251916758,0.03682922916437495,0,6.891798759476223e-4
陸金,PERSON,"1911, 1877, 1924, 1881, 1941",5,1,0.001095290251916758,0.008071414159658051,0,6.968641114982578e-4
陸錦,PERSON,"1877, 1935, 1924, 1918, 1923",6,0,0,0,0,NA
陸阿四,PERSON,"1909, 1900, 1904, 1876, 1902, 1913, 1939",8,0,0,0,0,NA
陸阿寳,PERSON,"1901, 1902, 1912, 1933, 1897, 1914, 1882",7,1,0.001095290251916758,4.88576885087721e-5,0,4.679457182966776e-4
陸阿金,PERSON,"1900, 1887, 1926, 1889, 1922, 1931, 1928, 1877, 1924, 1938",11,0,0,0,0,NA
隆茂洋行,ORG,"1873, 1885, 1882, 1937, 1881, 1942, 1922, 1932, 1918, 1884, 1921, 1939",20,0,0,0,0,NA
隴西,PERSON,"1896, 1883, 1890, 1875, 1930",6,0,0,0,0,NA
雲卿,PERSON,"1879, 1898, 1920, 1891, 1930, 1903, 1928, 1935",8,0,0,0,0,NA
電報總局,ORG,"1882, 1900, 1935, 1936, 1941, 1907, 1930, 1933, 1925, 1889, 1921, 1931, 1923, 1913, 1928, 1890, 1912, 1895",28,0,0,0,0,NA
電線行,ORG,1872,26,9,0.009857612267250822,0.3628424540805992,210.0729306725532,7.178750897343862e-4
順信局,ORG,"1881, 1934, 1898, 1893, 1883, 1887, 1872",7,4,0.004381161007667032,0.0691069924385918,1805.315350377401,7.513148009015778e-4
順全隆洋行,ORG,"1882, 1897, 1899, 1888, 1898, 1916, 1893",8,0,0,0,0,NA
順昌洋行,ORG,"1878, 1872, 1886",6,5,0.00547645125958379,0.05295138636850356,497.626757091483,7.457121551081282e-4
順章洋行,ORG,1872,5,4,0.004381161007667032,0.24283301175139702,10.560163308215769,6.422607578676942e-4
顧張,PERSON,"1923, 1878, 1918, 1929, 1905, 1896",7,1,0.001095290251916758,0.00807141415965805,0,6.968641114982578e-4
顧蘭,PERSON,"1875, 1939, 1944, 1938, 1934, 1940, 1946, 1947, 1935",15,0,0,0,0,NA
顧豐成,PERSON,1872,11,19,0.0208105147864184,0.747919583889376,824.7247639853081,7.733952049497294e-4
顧阿榮,PERSON,"1901, 1896, 1879, 1932, 1931, 1928, 1925",9,0,0,0,0,NA
風木洋行,ORG,1873,5,2,0.002190580503833516,0.04345320924788133,11.091594124896922,6.285355122564425e-4
餘洋,PERSON,"1909, 1910, 1878, 1915, 1918, 1917, 1912, 1928",8,0,0,0,0,NA
首善堂,ORG,"1915, 1880, 1914, 1881, 1888, 1894, 1913, 1924, 1927",9,2,0.002190580503833516,0.08177977723180732,160.96876051538698,7.262164124909223e-4
香港保險公司,ORG,1872,13,6,0.0065717415115005475,0.3302210230388809,47.70330013491385,6.626905235255136e-4
馬利士保安公司,ORG,1873,5,2,0.002190580503833516,0.04160669664679772,3.273431055747083,6.184291898577613e-4
馬培之,PERSON,"1884, 1934, 1917, 1922",5,0,0,0,0,NA
馬夫,PERSON,"1911, 1914, 1902, 1878, 1895, 1896, 1886, 1892, 1873, 1897, 1939, 1888, 1881, 1890",17,1,0.001095290251916758,0.008071414159658043,0,6.968641114982578e-4
馬春山,PERSON,"1904, 1878, 1927, 1926",5,0,0,0,0,NA
馬永貞,PERSON,"1885, 1879, 1928, 1929, 1926, 1943, 1939, 1944",11,2,0.002190580503833516,0.011254426771007632,38.86033156096481,7.027406886858749e-4
馬立,PERSON,"1872, 1921, 1928",6,18,0.019715224534501644,0.5937374965316491,1009.5724833909575,7.220216606498195e-4
馬立師,PERSON,"1916, 1895, 1899, 1897, 1872, 1923, 1928, 1924, 1906, 1942, 1914, 1939, 1926, 1873, 1932",23,11,0.012048192771084338,0.4045626785209326,476.4682696262841,7.272727272727272e-4
馬立師洋行,ORG,"1872, 1898, 1873",54,14,0.015334063526834611,0.6173901920170238,730.3806640605976,7.535795026375283e-4
馬立師行,PERSON,"1872, 1873",11,28,0.030668127053669222,0.8167732610428706,6158.754696691928,8.326394671107411e-4
馬阿二,PERSON,"1909, 1899, 1901, 1884, 1911, 1930, 1934, 1931",8,1,0.001095290251916758,0.008071414159658032,0,6.968641114982578e-4
馮存仁,PERSON,"1926, 1920, 1879, 1927",5,3,0.0032858707557502738,0.01672717351588998,2178.767453843713,7.251631617113851e-4
高易洋行,ORG,"1915, 1918, 1881, 1878, 1884, 1879, 1891, 1892, 1886, 1885, 1901, 1940",15,4,0.004381161007667032,0.11126718695088073,1184.7721004896193,7.968127490039841e-4
高王,PERSON,"1915, 1882, 1929, 1947",5,0,0,0,0,NA
高阿三,PERSON,"1886, 1897, 1875, 1919, 1925",5,0,0,0,0,NA
高阿大,PERSON,"1877, 1886, 1932, 1935",5,0,0,0,0,NA
魯麟洋行,ORG,"1896, 1900, 1899, 1935, 1934, 1895, 1872, 1881, 1936, 1889",53,10,0.01095290251916758,0.5331304665404272,211.2707527526483,7.501875468867217e-4
麥加利,PERSON,"1945, 1933, 1877, 1920, 1940, 1919, 1934",7,0,0,0,0,NA
麥登司,PERSON,1872,5,7,0.0076670317634173054,0.22352211403731448,78.79764209294784,6.949270326615705e-4
麥登司洋行,ORG,1872,7,2,0.002190580503833516,0.10630665100293563,21.247732227568413,6.939625260235947e-4
麥邊洋行,ORG,"1897, 1881, 1902, 1924, 1946, 1899, 1906, 1931, 1919, 1934, 1918",17,0,0,0,0,NA
麻子,PERSON,"1875, 1878, 1944, 1923, 1941",5,0,0,0,0,NA
黃瑞生,PERSON,"1881, 1909, 1939, 1936, 1934, 1928",7,0,0,0,0,NA
黃鶴,PERSON,"1874, 1879, 1887, 1920, 1940",5,0,0,0,0,NA
黃鶴樓,PERSON,"1882, 1927, 1940, 1931, 1916, 1946, 1939, 1938",10,0,0,0,0,NA
黎輔臣,PERSON,"1886, 1879, 1900, 1899, 1895",6,0,0,0,0,NA
黎邑尊,PERSON,"1883, 1884, 1885",26,3,0.0032858707557502738,0.013676987883640496,303.7126545144114,7.107320540156361e-4
