collocation,count,count_nested,length,lambda,z,shopkeeper_term,period,type,normalized_freq,doc_count,n_periods
店主夫婦,6,0,3,6.1181068332014945,3.799556504757619,店主,1872-1894,3-gram,0.6200268678309394,9677,4
薙髮店主,13,0,2,5.382078263438997,15.023506523165606,店主,1872-1894,2-gram,1.3433915469670352,9677,3
鐘表店主,7,0,2,4.22955439195886,10.434194156456295,店主,1872-1894,2-gram,0.7233646791360959,9677,4
店主王某,11,0,2,3.421845509467916,11.036208242520273,店主,1872-1894,2-gram,1.1367159243567222,9677,3
店主夫婦,8,0,2,3.327627202953506,9.268243031408657,店主,1872-1894,2-gram,0.8267024904412524,9677,4
起火店主,5,0,2,3.0628988568030096,6.934318224808922,店主,1872-1894,2-gram,0.5166890565257828,9677,4
店主店中,10,0,3,3.021871314377355,3.3724571275968196,店主,1872-1894,3-gram,1.0333781130515656,9677,4
倒閉店主,23,0,2,3.013936298764681,14.103709108365353,店主,1872-1894,2-gram,2.376769660018601,9677,3
皮箱店主,9,0,2,2.907322429277331,8.68938332621871,店主,1872-1894,2-gram,0.9300403017464091,9677,3
店主婦,41,0,2,2.737289344355134,17.123594699531704,店主,1872-1894,2-gram,4.2368502635114185,9677,5
店主某甲,63,0,2,2.7004458940626215,20.87067376466948,店主,1872-1894,2-gram,6.510282112224863,9677,3
奉店主命,7,0,3,2.677147439820897,4.178329659768809,店主,1872-1894,3-gram,0.7233646791360959,9677,3
傳店主,107,0,2,2.5586074206662177,25.69809196134105,店主,1872-1894,2-gram,11.05714580965175,9677,4
逸店主,7,0,2,2.5487697696077993,6.8295993027581074,店主,1872-1894,2-gram,0.7233646791360959,9677,5
店主辭,24,0,2,2.495145989904608,12.076390340581154,店主,1872-1894,2-gram,2.4801074713237576,9677,4
店主允,28,0,2,2.2936084108784254,12.010929468031179,店主,1872-1894,2-gram,2.8934587165443837,9677,4
表店主,12,0,2,2.2915080777710113,7.960345065547018,店主,1872-1894,2-gram,1.2400537356618788,9677,3
告知店主,21,0,3,2.251079036326103,4.1081744324189575,店主,1872-1894,3-gram,2.1700940374082878,9677,3
身死店主,9,0,3,2.1870838950621514,2.3516021360793014,店主,1872-1894,3-gram,0.9300403017464091,9677,3
店主自行,11,0,2,2.165687438282366,7.230191474509706,店主,1872-1894,2-gram,1.1367159243567222,9677,4
店主索,39,0,2,2.1548024417977913,13.297389343392915,店主,1872-1894,2-gram,4.030174640901106,9677,4
押店主,90,0,2,2.043157799472124,19.014719019069314,店主,1872-1894,2-gram,9.30040301746409,9677,4
提店主,48,0,2,1.9120673245427922,13.102483712676232,店主,1872-1894,2-gram,4.960214942647515,9677,3
店主理論,5,0,2,1.8936263403911662,4.389549366268563,店主,1872-1894,2-gram,0.5166890565257828,9677,3
茶館店主,6,0,2,1.8888364077970174,4.759795873859235,店主,1872-1894,2-gram,0.6200268678309394,9677,3
疋店主,5,0,2,1.8298075628413226,4.244615204155465,店主,1872-1894,2-gram,0.5166890565257828,9677,3
店主察,9,0,2,1.8227589161824835,5.55501801928105,店主,1872-1894,2-gram,0.9300403017464091,9677,4
店主弟,6,0,2,1.8036576698926363,4.549048047597727,店主,1872-1894,2-gram,0.6200268678309394,9677,3
適店主,20,0,2,1.7854091294896115,7.987273943811886,店主,1872-1894,2-gram,2.066756226103131,9677,5
傳押店主,5,0,3,1.7581757905751774,2.898457240355154,店主,1872-1894,3-gram,0.5166890565257828,9677,3
死店主,20,0,2,1.7202431803125249,7.700483582179365,店主,1872-1894,2-gram,2.066756226103131,9677,4
當時店主,9,0,2,1.7079637366302758,5.211065886000408,店主,1872-1894,2-gram,0.9300403017464091,9677,5
店主急,18,0,2,1.6733409863974722,7.120046939875393,店主,1872-1894,2-gram,1.8600806034928181,9677,4
店主子,23,0,2,1.6513716814883659,7.91686001028643,店主,1872-1894,2-gram,2.376769660018601,9677,3
店主案核,18,0,3,1.6427854733894205,4.367517566939777,店主,1872-1894,3-gram,1.8600806034928181,9677,3
店主鳴,7,0,2,1.6262839826214637,4.4126626419623625,店主,1872-1894,2-gram,0.7233646791360959,9677,4
店主虧欠,5,0,2,1.5723337125530827,3.6557806098776187,店主,1872-1894,2-gram,0.5166890565257828,9677,3
店主囑,14,0,2,1.5559429131425717,5.869346785140669,店主,1872-1894,2-gram,1.4467293582721918,9677,3
店主命,24,0,2,1.5482170783421711,7.58419629657535,店主,1872-1894,2-gram,2.4801074713237576,9677,3
枚店主,5,0,2,1.5463598608229567,3.596207385454852,店主,1872-1894,2-gram,0.5166890565257828,9677,4
一面店主,6,0,2,1.5449803721544506,3.9056446630448676,店主,1872-1894,2-gram,0.6200268678309394,9677,4
店主恐,18,0,2,1.4170860912737404,6.041674320538145,店主,1872-1894,2-gram,1.8600806034928181,9677,3
店主肯,12,0,2,1.3842379169586083,4.8551629115372235,店主,1872-1894,2-gram,1.2400537356618788,9677,3
迨店主,6,0,2,1.3085141326562932,3.3132756615313883,店主,1872-1894,2-gram,0.6200268678309394,9677,4
答店主,28,0,2,1.2986239513950473,6.870195361886567,店主,1872-1894,2-gram,2.8934587165443837,9677,3
店主案,107,0,2,1.2916697253282488,13.163338509261338,店主,1872-1894,2-gram,11.05714580965175,9677,3
歇店主,5,0,2,1.2895681895393842,3.0042966736029806,店主,1872-1894,2-gram,0.5166890565257828,9677,3
奉店主,12,0,2,1.2841661046876638,4.50707076340752,店主,1872-1894,2-gram,1.2400537356618788,9677,3
命店主,18,0,2,1.2672772896891682,5.408169371547784,店主,1872-1894,2-gram,1.8600806034928181,9677,4
告店主,12,0,2,1.2611265975768031,4.4268106308482675,店主,1872-1894,2-gram,1.2400537356618788,9677,5
問店主,53,0,2,1.234471448718256,8.928046043935613,店主,1872-1894,2-gram,5.476903999173298,9677,4
晨店主,8,0,2,1.2189294028724262,3.5306062930968554,店主,1872-1894,2-gram,0.8267024904412524,9677,4
時店主,58,0,2,1.2120391458907722,9.162639929293128,店主,1872-1894,2-gram,5.99359305569908,9677,4
交店主,52,0,2,1.1888521538325665,8.520390776345394,店主,1872-1894,2-gram,5.373566187868141,9677,4
店主學徒,7,0,2,1.1799607871449074,3.211375455818772,店主,1872-1894,2-gram,0.7233646791360959,9677,3
夥店主,25,0,2,1.176465142734496,5.893159432406425,店主,1872-1894,2-gram,2.583445282628914,9677,3
店主女,10,0,2,1.16937103941224,3.764701406708208,店主,1872-1894,2-gram,1.0333781130515656,9677,3
傷店主,15,0,2,1.1467652569938611,4.483911685759339,店主,1872-1894,2-gram,1.5500671695773482,9677,4
店主投,26,0,2,1.0982475017796385,5.6098162871189405,店主,1872-1894,2-gram,2.6867830939340704,9677,4
店主知,76,0,2,1.0806107099772433,9.330468185350204,店主,1872-1894,2-gram,7.853673659191897,9677,3
店主案訊,22,0,3,1.0684300421010997,3.319307889458048,店主,1872-1894,3-gram,2.2734318487134444,9677,3
店主店夥,7,0,2,1.0510375919781203,2.862374472560145,店主,1872-1894,2-gram,0.7233646791360959,9677,4
店主認,11,0,2,1.022349239093284,3.4467118219060002,店主,1872-1894,2-gram,1.1367159243567222,9677,3
悉店主,9,0,2,1.0149438557561052,3.110785480835518,店主,1872-1894,2-gram,0.9300403017464091,9677,4
店主願,10,0,2,0.9968759019333295,3.2120916608850365,店主,1872-1894,2-gram,1.0333781130515656,9677,4
店主見,47,0,2,0.9903849557189153,6.761589618838656,店主,1872-1894,2-gram,4.856877131342358,9677,4
店主傳,23,0,2,0.9847451395244335,4.7407752430127115,店主,1872-1894,2-gram,2.376769660018601,9677,3
店主拘,15,0,2,0.9698260504053424,3.7952432173387494,店主,1872-1894,2-gram,1.5500671695773482,9677,5
供店主,56,0,2,0.950552314675198,7.072339997895444,店主,1872-1894,2-gram,5.786917433088767,9677,4
俟店主,11,0,2,0.9463584439989212,3.191630820896329,店主,1872-1894,2-gram,1.1367159243567222,9677,3
嗣店主,9,0,2,0.9270938200219665,2.8426221209925107,店主,1872-1894,2-gram,0.9300403017464091,9677,4
店主詢,10,0,2,0.8919915287880751,2.8754298626013473,店主,1872-1894,2-gram,1.0333781130515656,9677,3
勸店主,5,0,2,0.8902566133140333,2.0781477649839823,店主,1872-1894,2-gram,0.5166890565257828,9677,3
囑店主,7,0,2,0.8896099026755819,2.4244941411766865,店主,1872-1894,2-gram,0.7233646791360959,9677,3
知店主,59,0,2,0.8306956495309157,6.343564208220317,店主,1872-1894,2-gram,6.096930867004237,9677,4
店主具,13,0,2,0.8261051931400756,3.0194458631917236,店主,1872-1894,2-gram,1.3433915469670352,9677,3
店主尋,9,0,2,0.8138979394852721,2.496645426095606,店主,1872-1894,2-gram,0.9300403017464091,9677,3
店主深,6,0,2,0.802757062875902,2.0376003763400408,店主,1872-1894,2-gram,0.6200268678309394,9677,3
諭店主,11,0,2,0.8001039326599058,2.699953345683421,店主,1872-1894,2-gram,1.1367159243567222,9677,4
文店主,17,0,2,0.7910726002076247,3.2910883283564982,店主,1872-1894,2-gram,1.7567427921876615,9677,3
着店主,23,0,2,0.6851577795936232,3.3022991455915216,店主,1872-1894,2-gram,2.376769660018601,9677,3
旋店主,10,0,2,0.6699715088674005,2.161490247100654,店主,1872-1894,2-gram,1.0333781130515656,9677,4
店主報,21,0,2,0.6089583226680753,2.808619994977533,店主,1872-1894,2-gram,2.1700940374082878,9677,3
事店主,35,0,2,0.604660892028348,3.5783495431000256,店主,1872-1894,2-gram,3.6168233956804796,9677,5
遂店主,21,0,2,0.60434962222365,2.787410211415897,店主,1872-1894,2-gram,2.1700940374082878,9677,5
店主帶,14,0,2,0.5882738811654211,2.2299412571189845,店主,1872-1894,2-gram,1.4467293582721918,9677,3
間店主,13,0,2,0.5824890038181367,2.130783586508109,店主,1872-1894,2-gram,1.3433915469670352,9677,3
店店主,21,0,2,0.5202833829332847,2.400262895806861,店主,1872-1894,2-gram,2.1700940374082878,9677,4
店家買,7,0,2,2.6272746375822753,7.103229052838144,店家,1872-1894,2-gram,0.7233646791360959,9677,4
店家,18,0,3,2.361666732186932,3.1407790345100115,店家,1872-1894,3-gram,1.8600806034928181,9677,3
店家,22,0,2,0.8977705778306149,4.111471787682712,店家,1872-1894,2-gram,2.2734318487134444,9677,3
伊東家,20,0,2,1.838167365934158,8.240207804127937,東家,1872-1894,2-gram,2.066756226103131,9677,3
供東家,30,0,2,1.4553635068984976,7.9407486014599735,東家,1872-1894,2-gram,3.1001343391546965,9677,3
傳棧主,55,0,2,3.216259925274282,23.198457130816603,棧主,1872-1894,2-gram,5.683579621783611,9677,3
提棧主,25,0,2,2.5860966616507093,12.854841504083948,棧主,1872-1894,2-gram,2.583445282628914,9677,3
諭棧主,15,0,2,2.4286514774665475,9.456530334670315,棧主,1872-1894,2-gram,1.5500671695773482,9677,3
交棧主,39,0,2,2.2395529142209325,13.801907498746575,棧主,1872-1894,2-gram,4.030174640901106,9677,3
棧棧主,11,0,2,2.2078678848045294,7.423736373732074,棧主,1872-1894,2-gram,1.1367159243567222,9677,3
嗣棧主,8,0,2,2.1373316723001388,6.187355039334441,棧主,1872-1894,2-gram,0.8267024904412524,9677,3
命棧主,11,0,2,2.1101768090766138,7.097897740307465,棧主,1872-1894,2-gram,1.1367159243567222,9677,3
死棧主,6,0,2,1.8773818104481799,4.760386475507872,棧主,1872-1894,2-gram,0.6200268678309394,9677,4
知棧主,35,0,2,1.6443922770149237,9.639631322475946,棧主,1872-1894,2-gram,3.6168233956804796,9677,3
棧主報,12,0,2,1.3870368747981106,4.8713669833687785,棧主,1872-1894,2-gram,1.2400537356618788,9677,3
棧主投,8,0,2,1.273144332663465,3.6936430873808033,棧主,1872-1894,2-gram,0.8267024904412524,9677,3
棧主案,24,0,2,1.117794599886488,5.472520202912499,棧主,1872-1894,2-gram,2.4801074713237576,9677,3
獲棧主,5,0,2,1.0592448768516816,2.4756226787132127,棧主,1872-1894,2-gram,0.5166890565257828,9677,3
業主願,7,0,2,3.497528541893041,9.42299624599453,業主,1872-1894,2-gram,0.7233646791360959,9677,4
准業主,6,0,2,3.0097389918590935,7.571428488991938,業主,1872-1894,2-gram,0.6200268678309394,9677,4
現業主,5,0,2,2.3217589771031415,5.387407318232144,業主,1872-1894,2-gram,0.5166890565257828,9677,5
倒閉莊主,12,0,2,5.444101867282672,18.41151806028625,莊主,1872-1894,2-gram,1.2400537356618788,9677,3
傳號主,5,0,2,2.848491658452442,6.569615949610332,號主,1872-1894,2-gram,0.5166890565257828,9677,3
車行主,9,0,2,3.204431209564414,9.752330633001504,行主,1872-1894,2-gram,0.9300403017464091,9677,3
告行主,5,0,2,2.25240748035775,5.250232466063929,行主,1872-1894,2-gram,0.5166890565257828,9677,3
傳行主,11,0,2,2.092613264799896,7.028755453592123,行主,1872-1894,2-gram,1.1367159243567222,9677,3
事行主,16,0,2,1.6635367679478343,6.676232304243704,行主,1872-1894,2-gram,1.6534049808825049,9677,3
元行主,14,0,2,1.1134760680359226,4.19703141025477,行主,1872-1894,2-gram,1.4467293582721918,9677,4
時行主,8,0,2,1.0865789983715954,3.148088727071458,行主,1872-1894,2-gram,0.8267024904412524,9677,3
傳茶館主,10,0,2,3.5028382587092897,10.997447080427815,館主,1872-1894,2-gram,1.0333781130515656,9677,3
茶館主案,6,0,2,1.718317824093282,4.303769392538467,館主,1872-1894,2-gram,0.6200268678309394,9677,3
店主夫婦,6,0,3,5.921602284290152,3.5026160387939287,店主,1895-1911,3-gram,0.45763099687285486,13111,4
烟紙店主,5,0,2,5.497463681276326,9.114375071333058,店主,1895-1911,2-gram,0.3813591640607124,13111,4
薙髮店主,8,0,2,4.834671492871414,11.44565456157512,店主,1895-1911,2-gram,0.6101746624971398,13111,3
鐘表店主,13,0,2,4.504179267856996,14.127939463508623,店主,1895-1911,2-gram,0.9915338265578523,13111,4
店主王某,15,0,2,3.8895941880085685,13.948756470334697,店主,1895-1911,2-gram,1.144077492182137,13111,3
木器店主,5,0,2,3.5778485712800876,7.832621593321161,店主,1895-1911,2-gram,0.3813591640607124,13111,3
皮箱店主,9,0,2,3.324534202260742,9.702385008948665,店主,1895-1911,2-gram,0.6864464953092823,13111,3
傳押店主,10,0,3,3.2113038056042567,6.088989267252865,店主,1895-1911,3-gram,0.7627183281214248,13111,3
傳店主,325,0,2,3.119642676083904,52.561643984303466,店主,1895-1911,2-gram,24.788345663946306,13111,4
逸店主,29,0,2,3.0972853493648147,16.073301417620222,店主,1895-1911,2-gram,2.211883151552132,13111,5
店主報告捕房,6,0,3,3.0489608464126694,3.1775664869719664,店主,1895-1911,3-gram,0.45763099687285486,13111,3
店主鳴,26,0,2,3.0429295183612086,14.995420306693742,店主,1895-1911,2-gram,1.9830676531157045,13111,4
店主婦,45,0,2,3.027157632504052,19.532725801661552,店主,1895-1911,2-gram,3.4322324765464116,13111,5
店主某甲,121,0,2,2.8113596009116293,29.70038413908427,店主,1895-1911,2-gram,9.22889177026924,13111,3
告知店主,20,0,3,2.758387688012282,3.1986961435507135,店主,1895-1911,3-gram,1.5254366562428496,13111,3
交店主,9,0,3,2.68825645981368,7.0241047706941755,店主,1895-1911,3-gram,0.6864464953092823,13111,4
茶館店主,16,0,2,2.63434122092194,10.39439349545265,店主,1895-1911,2-gram,1.2203493249942796,13111,3
店主姓名,9,0,2,2.5858655169563183,7.753493949336389,店主,1895-1911,2-gram,0.6864464953092823,13111,3
店主報告,7,0,2,2.5759389327881794,6.865522745465943,店主,1895-1911,2-gram,0.5339028296849972,13111,3
店主辭,23,0,2,2.5494364927112847,12.021252050196345,店主,1895-1911,2-gram,1.7542521546792769,13111,4
店主夥友,11,0,2,2.470154846465104,8.171018172141302,店主,1895-1911,2-gram,0.8389901609335673,13111,3
表店主,11,0,2,2.4662988748626447,8.161358983638568,店主,1895-1911,2-gram,0.8389901609335673,13111,3
店主投報,5,0,2,2.4311958911168663,5.569195030389706,店主,1895-1911,2-gram,0.3813591640607124,13111,3
起火店主,14,0,2,2.403040651758315,8.939697199135624,店主,1895-1911,2-gram,1.0678056593699945,13111,4
店主夫婦,6,0,2,2.3423221731006927,5.84378225961872,店主,1895-1911,2-gram,0.45763099687285486,13111,4
疋店主,6,0,2,2.1462555709075937,5.375600313917059,店主,1895-1911,2-gram,0.45763099687285486,13111,3
逃逸店主,19,0,2,2.137480068722902,9.264471566387924,店主,1895-1911,2-gram,1.449164823430707,13111,3
店主允,43,0,2,2.131403096919559,13.770312367619237,店主,1895-1911,2-gram,3.2796888109221265,13111,4
提店主,175,0,2,2.1284976432582328,27.33161003700985,店主,1895-1911,2-gram,13.347570742124933,13111,3
店主察,32,0,2,2.0020200063033378,11.212603233213256,店主,1895-1911,2-gram,2.4406986499885592,13111,4
嗣店主,27,0,2,1.9044471964899028,9.830286774057434,店主,1895-1911,2-gram,2.059339485927847,13111,4
店主理論,7,0,2,1.8918302703233985,5.107992785892586,店主,1895-1911,2-gram,0.5339028296849972,13111,3
店主急,20,0,2,1.888770834221579,8.422846212251905,店主,1895-1911,2-gram,1.5254366562428496,13111,4
押店主,207,0,2,1.885155401027693,26.340278231586833,店主,1895-1911,2-gram,15.788269392113492,13111,4
店主案核,10,0,3,1.8820802608626503,4.2635997273904636,店主,1895-1911,3-gram,0.7627183281214248,13111,3
店主投,124,0,2,1.8659183598018103,20.3397902836397,店主,1895-1911,2-gram,9.457707268705667,13111,4
迨店主,18,0,2,1.8495780743747736,7.841810570103395,店主,1895-1911,2-gram,1.3728929906185645,13111,4
倒閉店主,8,0,2,1.7784387057114879,5.119621778798228,店主,1895-1911,2-gram,0.6101746624971398,13111,3
晨店主,21,0,2,1.7095397067822957,7.824688353984358,店主,1895-1911,2-gram,1.601708489054992,13111,4
當時店主,11,0,2,1.703130568440132,5.7062696422020585,店主,1895-1911,2-gram,0.8389901609335673,13111,5
店主自行,9,0,2,1.6922696508008914,5.154089049836371,店主,1895-1911,2-gram,0.6864464953092823,13111,4
店主弟,6,0,2,1.6474101374698988,4.153308467291338,店主,1895-1911,2-gram,0.45763099687285486,13111,3
店主囑,10,0,2,1.5272427876089378,4.897967734807578,店主,1895-1911,2-gram,0.7627183281214248,13111,3
逃店主,19,0,2,1.5182420084561326,6.631812934676531,店主,1895-1911,2-gram,1.449164823430707,13111,4
店主拘,88,0,2,1.4953634343685929,13.838144015534228,店主,1895-1911,2-gram,6.711921287468538,13111,5
告店主,15,0,2,1.4830583574068505,5.779349031672274,店主,1895-1911,2-gram,1.144077492182137,13111,5
店主尋,17,0,2,1.4722122344580404,6.094976621715375,店主,1895-1911,2-gram,1.296621157806422,13111,3
歇店主,7,0,2,1.4638620169346441,3.9714216976790326,店主,1895-1911,2-gram,0.5339028296849972,13111,3
交店主,129,0,2,1.4546106919813093,16.233083849911413,店主,1895-1911,2-gram,9.839066432766378,13111,4
問店主,29,0,2,1.4314688902738402,7.690170944498949,店主,1895-1911,2-gram,2.211883151552132,13111,4
店主報,80,0,2,1.410748500402967,12.468274966357312,店主,1895-1911,2-gram,6.1017466249713985,13111,3
枚店主,10,0,2,1.3995719069187902,4.4939905132171205,店主,1895-1911,2-gram,0.7627183281214248,13111,4
店主索,25,0,2,1.3913880832812873,6.9536764048935575,店主,1895-1911,2-gram,1.9067958203035618,13111,4
店主虧欠,10,0,2,1.3507794575365106,4.3386092547268476,店主,1895-1911,2-gram,0.7627183281214248,13111,3
店主案訊,46,0,3,1.3462132886874243,5.846407661798951,店主,1895-1911,3-gram,3.5085043093585537,13111,3
適店主,14,0,2,1.2782959197737296,4.826335792710641,店主,1895-1911,2-gram,1.0678056593699945,13111,5
俟店主,13,0,2,1.2662230701222912,4.613739265485006,店主,1895-1911,2-gram,0.9915338265578523,13111,3
店主恐,13,0,2,1.2607224194012039,4.5935146478631905,店主,1895-1911,2-gram,0.9915338265578523,13111,3
死店主,10,0,2,1.240501076134445,3.9879989880023836,店主,1895-1911,2-gram,0.7627183281214248,13111,4
囑店主,7,0,2,1.1978722955335566,3.2564118435677334,店主,1895-1911,2-gram,0.5339028296849972,13111,3
店主速,6,0,2,1.1585859487240904,2.932902248350987,店主,1895-1911,2-gram,0.45763099687285486,13111,3
旋店主,29,0,2,1.1456378481311678,6.167443524165447,店主,1895-1911,2-gram,2.211883151552132,13111,4
夥店主,27,0,2,1.1316343331949463,5.883424076407232,店主,1895-1911,2-gram,2.059339485927847,13111,3
着店主,7,0,2,1.0866014082468687,2.9560040623642596,店主,1895-1911,2-gram,0.5339028296849972,13111,3
事店主,66,0,2,1.0770421520224698,8.681975792250306,店主,1895-1911,2-gram,5.033940965601404,13111,5
一面店主,8,0,2,1.0520572849724719,3.047228244790412,店主,1895-1911,2-gram,0.6101746624971398,13111,4
店主女,10,0,2,1.0453553157951476,3.3645806179628988,店主,1895-1911,2-gram,0.7627183281214248,13111,3
悉店主,23,0,2,1.0341777163177652,4.974892054179466,店主,1895-1911,2-gram,1.7542521546792769,13111,4
捕房店主,82,0,2,1.0248443490824934,9.191783450042154,店主,1895-1911,2-gram,6.254290290595683,13111,3
店主具,29,0,2,1.0199758660784157,5.494817093208437,店主,1895-1911,2-gram,2.211883151552132,13111,3
店主投報,62,0,3,1.0105822968167995,4.255021786604669,店主,1895-1911,3-gram,4.728853634352833,13111,3
店主肯,5,0,2,0.98933097415315,2.3062832287980712,店主,1895-1911,2-gram,0.3813591640607124,13111,3
店主案,158,0,2,0.9803944474701662,12.113206230714622,店主,1895-1911,2-gram,12.050949584318513,13111,3
店主傳,42,0,2,0.9477064434598095,6.123812146479119,店主,1895-1911,2-gram,3.203416978109984,13111,3
勸店主,5,0,2,0.9111973056408651,2.1251505779971667,店主,1895-1911,2-gram,0.3813591640607124,13111,3
詢店主,5,0,2,0.9074956315664844,2.1165567146077913,店主,1895-1911,2-gram,0.3813591640607124,13111,3
店主詢,5,0,2,0.8944482549313255,2.086138692419855,店主,1895-1911,2-gram,0.3813591640607124,13111,3
知店主,64,0,2,0.8844882284527307,7.030132253650173,店主,1895-1911,2-gram,4.8813972999771185,13111,4
餘元店主,36,0,3,0.8385139464721796,2.982946932878679,店主,1895-1911,3-gram,2.745785981237129,13111,3
現店主,20,0,2,0.8339145284115279,3.7515360804784135,店主,1895-1911,2-gram,1.5254366562428496,13111,4
命店主,19,0,2,0.8222122028176644,3.6080449617158514,店主,1895-1911,2-gram,1.449164823430707,13111,4
店主店夥,7,0,2,0.7855217249028468,2.140171085854865,店主,1895-1911,2-gram,0.5339028296849972,13111,4
傷店主,12,0,2,0.7272849547153735,2.5578049393288005,店主,1895-1911,2-gram,0.9152619937457097,13111,4
文店主,12,0,2,0.7164811238909863,2.5199221599083326,店主,1895-1911,2-gram,0.9152619937457097,13111,3
時店主,30,0,2,0.646843649849834,3.549252855157752,店主,1895-1911,2-gram,2.288154984364274,13111,4
供店主,75,0,2,0.6449883277675985,5.546960465725239,店主,1895-1911,2-gram,5.720387460910686,13111,4
諭店主,19,0,2,0.6446758081766832,2.8310926020509557,店主,1895-1911,2-gram,1.449164823430707,13111,4
店主見,26,0,2,0.5452069105181887,2.7904439862615873,店主,1895-1911,2-gram,1.9830676531157045,13111,4
遂店主,18,0,2,0.5263182084012423,2.2524397543831336,店主,1895-1911,2-gram,1.3728929906185645,13111,5
店家門,5,0,2,4.547500495907201,10.26838816388463,店家,1895-1911,2-gram,0.3813591640607124,13111,3
店家,6,0,2,1.6534528724437618,4.04010140879732,店家,1895-1911,2-gram,0.45763099687285486,13111,3
供東家,14,0,2,2.25187346271716,8.30374629181367,東家,1895-1911,2-gram,1.0678056593699945,13111,3
死棧主,28,0,2,3.6633144955876453,19.004226006030155,棧主,1895-1911,2-gram,2.135611318739989,13111,4
傳棧主,82,0,2,3.0657998824133026,26.797325747411705,棧主,1895-1911,2-gram,6.254290290595683,13111,3
提棧主,92,0,2,2.8884896365495614,26.68317291718916,棧主,1895-1911,2-gram,7.0170086187171075,13111,3
命棧主,21,0,2,2.314179270439142,10.598764695521357,棧主,1895-1911,2-gram,1.601708489054992,13111,3
嗣棧主,8,0,2,2.09469540218101,6.064466098044184,棧主,1895-1911,2-gram,0.6101746624971398,13111,3
棧棧主,8,0,2,2.088834704456051,6.047643363731802,棧主,1895-1911,2-gram,0.6101746624971398,13111,3
諭棧主,17,0,2,1.926301965105873,7.983049893374095,棧主,1895-1911,2-gram,1.296621157806422,13111,3
棧主報,28,0,2,1.759731067123612,9.277080551837106,棧主,1895-1911,2-gram,2.135611318739989,13111,3
棧主投,27,0,2,1.7254086280636178,8.939028475386499,棧主,1895-1911,2-gram,2.059339485927847,13111,3
交棧主,28,0,2,1.3066608102291548,6.895616278562016,棧主,1895-1911,2-gram,2.135611318739989,13111,3
知棧主,23,0,2,1.2556003260703785,6.027725928518603,棧主,1895-1911,2-gram,1.7542521546792769,13111,3
獲棧主,9,0,2,0.709299524100746,2.176937268123777,棧主,1895-1911,2-gram,0.6864464953092823,13111,3
棧主案,26,0,2,0.5661845496828746,2.8859607302810977,棧主,1895-1911,2-gram,1.9830676531157045,13111,3
業主租户,6,0,2,7.081276023449062,15.086036526130382,業主,1895-1911,2-gram,0.45763099687285486,13111,3
業主紛紛,10,0,2,4.92265973562013,15.428760243418973,業主,1895-1911,2-gram,0.7627183281214248,13111,3
業主速,8,0,2,3.900607777717889,11.182772130982192,業主,1895-1911,2-gram,0.6101746624971398,13111,4
原業主,29,0,2,3.8229839752243358,20.01553125123649,業主,1895-1911,2-gram,2.211883151552132,13111,4
業主執,6,0,2,3.638673397679676,9.15763002930083,業主,1895-1911,2-gram,0.45763099687285486,13111,3
業主務,8,0,2,3.54205152530876,10.180594209992352,業主,1895-1911,2-gram,0.6101746624971398,13111,4
業主願,7,0,2,3.205603392622908,8.67766841236739,業主,1895-1911,2-gram,0.5339028296849972,13111,4
房屋業主,6,0,2,3.061693486815004,7.7276858342670085,業主,1895-1911,2-gram,0.45763099687285486,13111,4
業主竟,5,0,2,2.926896329485487,6.805238880747218,業主,1895-1911,2-gram,0.3813591640607124,13111,3
現業主,8,0,2,2.4022992888966685,6.932552482853176,業主,1895-1911,2-gram,0.6101746624971398,13111,5
准業主,10,0,2,2.1632544495780848,6.927552514931104,業主,1895-1911,2-gram,0.7627183281214248,13111,4
傳業主,11,0,2,2.1018481385103502,7.037809916237773,業主,1895-1911,2-gram,0.8389901609335673,13111,3
業主限,7,0,2,1.9901294267367162,5.403485226679169,業主,1895-1911,2-gram,0.5339028296849972,13111,4
業主應,6,0,2,1.8038713363749461,4.565029585666642,業主,1895-1911,2-gram,0.45763099687285486,13111,4
知業主,11,0,2,1.6047413750217832,5.376234559565882,業主,1895-1911,2-gram,0.8389901609335673,13111,4
倒閉莊主,8,0,2,4.169734039346716,11.920779851690366,莊主,1895-1911,2-gram,0.6101746624971398,13111,3
傳號主,26,0,2,3.2801442129910785,16.243929265982246,號主,1895-1911,2-gram,1.9830676531157045,13111,3
現號主,9,0,2,2.8133389811856273,8.545526695631565,號主,1895-1911,2-gram,0.6864464953092823,13111,3
車行主,12,0,2,2.9030954010825427,10.131365972195503,行主,1895-1911,2-gram,0.9152619937457097,13111,3
傳行主,55,0,2,2.732054522643815,19.802006659109736,行主,1895-1911,2-gram,4.194950804667836,13111,3
告行主,10,0,2,2.5601157763203264,8.21432647349936,行主,1895-1911,2-gram,0.7627183281214248,13111,3
時行主,18,0,2,1.6195206725847338,6.902281160037444,行主,1895-1911,2-gram,1.3728929906185645,13111,3
事行主,20,0,2,1.3630429787251659,6.113818858255004,行主,1895-1911,2-gram,1.5254366562428496,13111,3
元行主,30,0,2,1.1262748505597129,6.141389213073507,行主,1895-1911,2-gram,2.288154984364274,13111,4
傳茶館主,6,0,2,2.3469108349150765,5.8933027243494465,館主,1895-1911,2-gram,0.45763099687285486,13111,3
茶館主案,8,0,2,1.2932199313907757,3.7004950016195948,館主,1895-1911,2-gram,0.6101746624971398,13111,3
薙髮店主,9,0,2,6.4912702509439875,13.74558889280876,店主,1912-1927,2-gram,0.5386641129997606,16708,3
奉店主命,5,0,3,5.809130377719681,5.582819797593592,店主,1912-1927,3-gram,0.29925784055542254,16708,3
烟紙店主,30,0,2,5.680908879540552,25.62418930708439,店主,1912-1927,2-gram,1.7955470433325353,16708,4
店主報告,7,0,3,5.541149271624224,3.7575683815075336,店主,1912-1927,3-gram,0.41896097677759153,16708,3
店主理論,5,0,3,4.837538763274551,6.182777157768756,店主,1912-1927,3-gram,0.29925784055542254,16708,3
店主無意,16,0,2,4.472766350939738,16.934605649022384,店主,1912-1927,2-gram,0.9576250897773522,16708,3
鐘表店主,10,0,2,4.407379314099069,13.374917126783155,店主,1912-1927,2-gram,0.5985156811108451,16708,4
木器店主,24,0,2,4.110069358384727,19.34689518588578,店主,1912-1927,2-gram,1.4364376346660284,16708,3
店主婦,66,0,2,3.8802625044382832,30.321076810437617,店主,1912-1927,2-gram,3.950203495331578,16708,5
皮箱店主,9,0,2,3.848000495814793,11.410041943382238,店主,1912-1927,2-gram,0.5386641129997606,16708,3
店主投報,12,0,2,3.732086486397228,12.741025507024682,店主,1912-1927,2-gram,0.7182188173330142,16708,3
逸店主,62,0,2,3.53166876362227,27.0653963318585,店主,1912-1927,2-gram,3.7107972228872397,16708,5
店主理論,12,0,2,3.3802535821281827,11.655252711903234,店主,1912-1927,2-gram,0.7182188173330142,16708,3
起火店主,24,0,2,3.364583065951754,16.24084779781313,店主,1912-1927,2-gram,1.4364376346660284,16708,4
店主王某,7,0,2,3.2794142628130003,8.780956717920732,店主,1912-1927,2-gram,0.41896097677759153,16708,3
倒閉店主,13,0,2,3.1556177127893577,11.362933861006896,店主,1912-1927,2-gram,0.7780703854440987,16708,3
傳店主,240,0,2,3.020286023867743,45.50255031530088,店主,1912-1927,2-gram,14.364376346660283,16708,4
押店主,254,0,2,2.961731420084895,45.910286921519095,店主,1912-1927,2-gram,15.202298300215466,16708,4
店主允,87,0,2,2.961079039616058,27.136660990619834,店主,1912-1927,2-gram,5.207086425664352,16708,4
店主某甲,16,0,2,2.946246564273849,11.76841705179324,店主,1912-1927,2-gram,0.9576250897773522,16708,3
勸店主,32,0,2,2.7738072118294776,15.57747780009481,店主,1912-1927,2-gram,1.9152501795547043,16708,3
店主案訊,39,0,3,2.7725878745918875,9.374221415809,店主,1912-1927,3-gram,2.334211156332296,16708,3
店主姓名,24,0,2,2.7652941488660536,13.48935827955413,店主,1912-1927,2-gram,1.4364376346660284,16708,3
店主夥友,65,0,2,2.6926602497074885,21.45303090856193,店主,1912-1927,2-gram,3.890351927220493,16708,3
店主肯,21,0,2,2.686508379234334,12.290550265707287,店主,1912-1927,2-gram,1.2568829303327747,16708,3
告知店主,5,0,3,2.6644920864221042,4.228364724199246,店主,1912-1927,3-gram,0.29925784055542254,16708,3
店主經理,69,0,2,2.549319561580372,20.95181039767153,店主,1912-1927,2-gram,4.129758199664831,16708,3
逃逸店主,18,0,2,2.515838089920788,10.69926739974238,店主,1912-1927,2-gram,1.0773282259995212,16708,3
店主案核,5,0,3,2.5063792233931936,4.539363480884662,店主,1912-1927,3-gram,0.29925784055542254,16708,3
嗣店主,64,0,2,2.4965703081475352,19.78295345563229,店主,1912-1927,2-gram,3.8305003591094087,16708,4
茶館店主,7,0,2,2.4744387363933273,6.7067580166260905,店主,1912-1927,2-gram,0.41896097677759153,16708,3
疋店主,6,0,2,2.4630492191959807,6.215918600819897,店主,1912-1927,2-gram,0.3591094086665071,16708,3
店主投,92,0,2,2.3981865911694307,22.745716491326846,店主,1912-1927,2-gram,5.5063442662197755,16708,4
身死店主,12,0,3,2.3264069127233546,3.028712987448365,店主,1912-1927,3-gram,0.7182188173330142,16708,3
歇店主,5,0,2,2.2539036391789846,5.242216717082652,店主,1912-1927,2-gram,0.29925784055542254,16708,3
店主囑,18,0,2,2.2399263905848277,9.549082768045565,店主,1912-1927,2-gram,1.0773282259995212,16708,3
店主鳴,19,0,2,2.2200658095771635,9.717857751719418,店主,1912-1927,2-gram,1.1371797941106057,16708,4
店主夫婦,6,0,2,2.218064578126881,5.609297409318084,店主,1912-1927,2-gram,0.3591094086665071,16708,4
適店主,33,0,2,2.1814740987241747,12.511118171400886,店主,1912-1927,2-gram,1.975101747665789,16708,5
店主店夥,13,0,2,2.1270582202890633,7.754654462417023,店主,1912-1927,2-gram,0.7780703854440987,16708,4
店主弟,7,0,2,2.110737926899502,5.738017789342365,店主,1912-1927,2-gram,0.41896097677759153,16708,3
囑店主,14,0,2,1.9996289747614475,7.561516260559983,店主,1912-1927,2-gram,0.8379219535551831,16708,3
店主察,28,0,2,1.9661989237092534,10.418166455849606,店主,1912-1927,2-gram,1.6758439071103661,16708,4
迨店主,15,0,2,1.956174863057531,7.649637543255134,店主,1912-1927,2-gram,0.8977735216662677,16708,4
事店主,183,0,2,1.8773022755971676,25.052910305074203,店主,1912-1927,2-gram,10.952836964328466,16708,5
店主虧欠,7,0,2,1.8336454827994886,4.993136671141309,店主,1912-1927,2-gram,0.41896097677759153,16708,3
枚店主,8,0,2,1.8087317772643976,5.2439477731108495,店主,1912-1927,2-gram,0.4788125448886761,16708,4
傷店主,39,0,2,1.8085655884016871,11.285464803956526,店主,1912-1927,2-gram,2.334211156332296,16708,4
諭店主,50,0,2,1.8044591907558276,12.724583465648664,店主,1912-1927,2-gram,2.9925784055542257,16708,4
逃店主,24,0,2,1.8001815127972058,8.853966474403375,店主,1912-1927,2-gram,1.4364376346660284,16708,4
店主學徒,13,0,2,1.79613880554213,6.56124677193135,店主,1912-1927,2-gram,0.7780703854440987,16708,3
商店店主,14,0,2,1.7824097133275472,6.74824506590293,店主,1912-1927,2-gram,0.8379219535551831,16708,3
詢店主,14,0,2,1.7610976049051614,6.6682568558912125,店主,1912-1927,2-gram,0.8379219535551831,16708,3
店主投報,40,0,3,1.6631494887282101,6.389114463745862,店主,1912-1927,3-gram,2.3940627244433803,16708,3
店主報告,53,0,2,1.6355141393653887,11.878234050373102,店主,1912-1927,2-gram,3.172133109887479,16708,3
店主傳,62,0,2,1.6238535896198867,12.74175310877555,店主,1912-1927,2-gram,3.7107972228872397,16708,3
發達店主,5,0,2,1.604986596505638,3.747176228968519,店主,1912-1927,2-gram,0.29925784055542254,16708,3
提店主,29,0,2,1.5759430561381782,8.511772199029071,店主,1912-1927,2-gram,1.7356954752214506,16708,3
命店主,24,0,2,1.5537331021276515,7.650293477642525,店主,1912-1927,2-gram,1.4364376346660284,16708,4
押店主,6,0,3,1.5248758028158806,3.640264527791771,店主,1912-1927,3-gram,0.3591094086665071,16708,4
旋店主,22,0,2,1.5033077820711274,7.095565961791324,店主,1912-1927,2-gram,1.3167344984438594,16708,4
店主拘,34,0,2,1.4969926526007393,8.74407440835171,店主,1912-1927,2-gram,2.0349533157768733,16708,5
店主店中,5,0,3,1.4709531683777852,2.667588488424223,店主,1912-1927,3-gram,0.29925784055542254,16708,4
店店主,41,0,2,1.4344410148778795,9.188370976273118,店主,1912-1927,2-gram,2.453914292554465,16708,4
傳押店主,8,0,3,1.3914782739086053,3.021998575140302,店主,1912-1927,3-gram,0.4788125448886761,16708,3
店主帶,37,0,2,1.3910365679214736,8.472981338132476,店主,1912-1927,2-gram,2.214508020110127,16708,3
遭店主,10,0,2,1.3651176832089988,4.4064840198624475,店主,1912-1927,2-gram,0.5985156811108451,16708,3
店主辭,7,0,2,1.355149502130288,3.697588430894479,店主,1912-1927,2-gram,0.41896097677759153,16708,4
店主索,17,0,2,1.3051499426722444,5.43785362268881,店主,1912-1927,2-gram,1.0174766578884367,16708,4
表店主,7,0,2,1.2785362658988855,3.4894492018639967,店主,1912-1927,2-gram,0.41896097677759153,16708,3
當時店主,11,0,2,1.2567266176536283,4.246604228062785,店主,1912-1927,2-gram,0.6583672492219297,16708,5
時店主,115,0,2,1.2128863005818715,12.92044177555616,店主,1912-1927,2-gram,6.882930332774719,16708,4
經理店主,18,0,2,1.2110001607448493,5.188989114894587,店主,1912-1927,2-gram,1.0773282259995212,16708,3
死店主,16,0,2,1.2082289134263093,4.889811094418979,店主,1912-1927,2-gram,0.9576250897773522,16708,4
餘元店主,16,0,3,1.206742797578365,3.780725990144601,店主,1912-1927,3-gram,0.9576250897773522,16708,3
店主子,13,0,2,1.1933824448192425,4.369450999522508,店主,1912-1927,2-gram,0.7780703854440987,16708,3
夥店主,9,0,2,1.1900106132205566,3.6558834902065063,店主,1912-1927,2-gram,0.5386641129997606,16708,3
答店主,7,0,2,1.1477697915314002,3.1337160435121456,店主,1912-1927,2-gram,0.41896097677759153,16708,3
店主恐,22,0,2,1.1382287975821264,5.378556937366137,店主,1912-1927,2-gram,1.3167344984438594,16708,3
店主,36,0,3,1.1217640403168763,4.811057010406962,店主,1912-1927,3-gram,2.1546564519990423,16708,3
一面店主,12,0,2,1.1106296670343259,3.914069281813067,店主,1912-1927,2-gram,0.7182188173330142,16708,4
悉店主,50,0,2,1.110495469567904,7.850792623244674,店主,1912-1927,2-gram,2.9925784055542257,16708,4
文店主,20,0,2,1.0947995362764997,4.939168056609893,店主,1912-1927,2-gram,1.1970313622216902,16708,3
俟店主,12,0,2,1.0878221519434064,3.8339122597870983,店主,1912-1927,2-gram,0.7182188173330142,16708,3
店主尋,5,0,2,1.0743395462933805,2.5125664704549355,店主,1912-1927,2-gram,0.29925784055542254,16708,3
店主東,8,0,2,1.071180635883648,3.1138912041978983,店主,1912-1927,2-gram,0.4788125448886761,16708,3
店主自行,5,0,2,1.0661931196671368,2.4935646232406854,店主,1912-1927,2-gram,0.29925784055542254,16708,4
店主願,18,0,2,1.0262119413425954,4.399249115428483,店主,1912-1927,2-gram,1.0773282259995212,16708,4
現店主,56,0,2,1.023945017722884,7.656107797131539,店主,1912-1927,2-gram,3.3516878142207323,16708,4
店主速,17,0,2,1.0144764013340977,4.230102321005297,店主,1912-1927,2-gram,1.0174766578884367,16708,3
近店主,23,0,2,0.9768504667748821,4.71909049511826,店主,1912-1927,2-gram,1.3765860665549439,16708,3
店主詢,6,0,2,0.944814649853106,2.402740050822855,店主,1912-1927,2-gram,0.3591094086665071,16708,3
晨店主,12,0,2,0.9084042566014849,3.2028878756711205,店主,1912-1927,2-gram,0.7182188173330142,16708,4
問店主,14,0,2,0.8454395082860393,3.2105879354213855,店主,1912-1927,2-gram,0.8379219535551831,16708,4
捕房店主,33,0,2,0.8417686270779696,4.854102250274714,店主,1912-1927,2-gram,1.975101747665789,16708,3
店主報告捕房,10,0,3,0.8353205758978937,2.0485012992265506,店主,1912-1927,3-gram,0.5985156811108451,16708,3
店主深,12,0,2,0.8092394249483075,2.853789010428313,店主,1912-1927,2-gram,0.7182188173330142,16708,3
店主具,22,0,2,0.7801105359664717,3.689245207067518,店主,1912-1927,2-gram,1.3167344984438594,16708,3
店主竟,9,0,2,0.7730906313854082,2.377269469485464,店主,1912-1927,2-gram,0.5386641129997606,16708,3
知店主,45,0,2,0.7535856198152691,5.062125885229012,店主,1912-1927,2-gram,2.693320564998803,16708,4
着店主,19,0,2,0.7457924123313502,3.2841400347733565,店主,1912-1927,2-gram,1.1371797941106057,16708,3
店主報,37,0,2,0.7062440189205828,4.309053226554988,店主,1912-1927,2-gram,2.214508020110127,16708,3
告店主,12,0,2,0.6987207462481102,2.464551945038523,店主,1912-1927,2-gram,0.7182188173330142,16708,5
店主見,37,0,2,0.6752657042789907,4.120258205006082,店主,1912-1927,2-gram,2.214508020110127,16708,4
店主認,10,0,2,0.6221797527479187,2.0118068534446154,店主,1912-1927,2-gram,0.5985156811108451,16708,3
店主店,18,0,2,0.6159081099653307,2.64242657488339,店主,1912-1927,2-gram,1.0773282259995212,16708,3
交店主,32,0,2,0.6088704376999341,3.459861217049168,店主,1912-1927,2-gram,1.9152501795547043,16708,4
店主知,37,0,2,0.5493969693044822,3.352904732863166,店主,1912-1927,2-gram,2.214508020110127,16708,3
遂店主,16,0,2,0.533942852002538,2.1639037320011125,店主,1912-1927,2-gram,0.9576250897773522,16708,5
供店主,24,0,2,0.5167450492136787,2.5508852980042738,店主,1912-1927,2-gram,1.4364376346660284,16708,4
店主案,81,0,2,0.474408347620483,4.258992753859468,店主,1912-1927,2-gram,4.847977016997846,16708,3
少數店家,9,0,2,4.952717517276859,15.015447561435291,店家,1912-1927,2-gram,0.5386641129997606,16708,3
店家買,11,0,2,3.4911168390794156,11.736030445940006,店家,1912-1927,2-gram,0.6583672492219297,16708,4
店家門,10,0,2,2.929368634098051,9.425537307229556,店家,1912-1927,2-gram,0.5985156811108451,16708,3
伊東家,5,0,2,3.049670015753679,7.112539174869971,東家,1912-1927,2-gram,0.29925784055542254,16708,3
供東家,5,0,2,1.7606783837682212,4.1097083067247855,東家,1912-1927,2-gram,0.29925784055542254,16708,3
提棧主,30,0,2,3.993902157312257,21.598886071674414,棧主,1912-1927,2-gram,1.7955470433325353,16708,3
傳棧主,50,0,2,3.8179899036884946,26.288045202158987,棧主,1912-1927,2-gram,2.9925784055542257,16708,3
死棧主,18,0,2,3.6955792356126618,15.685270230025063,棧主,1912-1927,2-gram,1.0773282259995212,16708,4
嗣棧主,9,0,2,2.921162364659844,8.943753884207423,棧主,1912-1927,2-gram,0.5386641129997606,16708,3
諭棧主,14,0,2,2.9136061825051383,10.99078743369109,棧主,1912-1927,2-gram,0.8379219535551831,16708,3
命棧主,7,0,2,2.7236703465575913,7.419543216252873,棧主,1912-1927,2-gram,0.41896097677759153,16708,3
棧主報,17,0,2,2.301021714346807,9.527534392712,棧主,1912-1927,2-gram,1.0174766578884367,16708,3
棧主投,7,0,2,2.211069500698096,6.026409970201624,棧主,1912-1927,2-gram,0.41896097677759153,16708,3
獲棧主,8,0,2,1.9506621349479012,5.657533051692777,棧主,1912-1927,2-gram,0.4788125448886761,16708,3
交棧主,9,0,2,1.7373385791221767,5.324630076846017,棧主,1912-1927,2-gram,0.5386641129997606,16708,3
棧主案,19,0,2,1.3985200041222141,6.108786244940466,棧主,1912-1927,2-gram,1.1371797941106057,16708,3
知棧主,7,0,2,1.3048375081909813,3.5577565564095974,棧主,1912-1927,2-gram,0.41896097677759153,16708,3
聲明業主,7,0,3,5.940716781047229,4.030579618975248,業主,1912-1927,3-gram,0.41896097677759153,16708,3
業主住戶,6,0,2,5.906526237173841,13.913967077857075,業主,1912-1927,2-gram,0.3591094086665071,16708,3
業主租户,12,0,2,5.430079619919768,18.227077604818614,業主,1912-1927,2-gram,0.7182188173330142,16708,3
業主翻造,19,0,2,5.364942711644749,22.53472607705786,業主,1912-1927,2-gram,1.1371797941106057,16708,3
業主租戶,5,0,2,5.223077895146831,11.746752748013536,業主,1912-1927,2-gram,0.29925784055542254,16708,3
房產業主,6,0,2,4.757133126417566,11.804792219405396,業主,1912-1927,2-gram,0.3591094086665071,16708,3
業主房客,10,0,2,4.048012571450942,12.922678629077893,業主,1912-1927,2-gram,0.5985156811108451,16708,3
業主同意,12,0,2,3.9024932254779765,13.611478178658915,業主,1912-1927,2-gram,0.7182188173330142,16708,3
新業主,7,0,3,3.725884532715123,7.806907189074325,業主,1912-1927,3-gram,0.41896097677759153,16708,3
業主姓名,15,0,2,3.61114169569945,14.056999926564542,業主,1912-1927,2-gram,0.8977735216662677,16708,3
地產業主,5,0,2,3.547000029299009,8.244785361045299,業主,1912-1927,2-gram,0.29925784055542254,16708,3
業主權,25,0,2,3.5375101507267224,17.63984724110944,業主,1912-1927,2-gram,1.4962892027771129,16708,3
通知業主,14,0,2,3.513548613319579,13.241729142344736,業主,1912-1927,2-gram,0.8379219535551831,16708,3
業主收回,8,0,2,3.403677873053076,9.839726531913046,業主,1912-1927,2-gram,0.4788125448886761,16708,3
業主委託,5,0,2,3.2994987884032225,7.682274432544503,業主,1912-1927,2-gram,0.29925784055542254,16708,3
房屋業主,24,0,2,3.10036017202008,15.197934704835667,業主,1912-1927,2-gram,1.4364376346660284,16708,4
業主迅,9,0,2,3.065013926392386,9.38396337650025,業主,1912-1927,2-gram,0.5386641129997606,16708,3
業主方面,33,0,2,2.982101120238974,17.07387063656664,業主,1912-1927,2-gram,1.975101747665789,16708,3
業主急,16,0,2,2.8761900102300433,11.599523451081684,業主,1912-1927,2-gram,0.9576250897773522,16708,3
原業主,45,0,2,2.856173748747645,19.023505364867138,業主,1912-1927,2-gram,2.693320564998803,16708,4
勸業主,8,0,2,2.7246156434816724,7.903224271737473,業主,1912-1927,2-gram,0.4788125448886761,16708,3
業主利益,6,0,2,2.706369428569421,6.867810729216647,業主,1912-1927,2-gram,0.3591094086665071,16708,3
業主願,24,0,2,2.626316112723594,12.898363867497169,業主,1912-1927,2-gram,1.4364376346660284,16708,4
業主務,17,0,2,2.5129138127682085,10.44780135898499,業主,1912-1927,2-gram,1.0174766578884367,16708,4
業主竟,14,0,2,2.5126346633432193,9.51458108930522,業主,1912-1927,2-gram,0.8379219535551831,16708,3
業主速,20,0,2,2.4897264871406604,11.197899623454107,業主,1912-1927,2-gram,1.1970313622216902,16708,4
業主紛紛,5,0,2,2.4478989996382223,5.719645647669342,業主,1912-1927,2-gram,0.29925784055542254,16708,3
新業主,41,0,2,2.4193609116047905,15.422252401495433,業主,1912-1927,2-gram,2.453914292554465,16708,3
舊業主,15,0,2,2.385092675586555,9.339172089044817,業主,1912-1927,2-gram,0.8977735216662677,16708,3
業主自行,5,0,2,2.3778945608062854,5.557067878292055,業主,1912-1927,2-gram,0.29925784055542254,16708,3
屋業主,9,0,2,2.306627637895223,7.080376492587698,業主,1912-1927,2-gram,0.5386641129997606,16708,3
租業主,10,0,2,2.296868517983501,7.410954990522419,業主,1912-1927,2-gram,0.5985156811108451,16708,3
業主房屋,10,0,2,2.2362706857663954,7.216378266732864,業主,1912-1927,2-gram,0.5985156811108451,16708,3
兹業主,12,0,2,2.131607576978313,7.50390491908274,業主,1912-1927,2-gram,0.7182188173330142,16708,3
要求業主,10,0,2,2.1072663616223903,6.801830421739407,業主,1912-1927,2-gram,0.5985156811108451,16708,3
知業主,46,0,2,2.100633352078345,14.170032541838962,業主,1912-1927,2-gram,2.7531721331098877,16708,4
業主繳,12,0,2,2.0779094513080274,7.315632155030183,業主,1912-1927,2-gram,0.7182188173330142,16708,3
仰業主,11,0,2,2.031700561394798,6.862709478788895,業主,1912-1927,2-gram,0.6583672492219297,16708,3
業主擬,14,0,2,1.9252677477960476,7.299468290270252,業主,1912-1927,2-gram,0.8379219535551831,16708,3
傳業主,20,0,2,1.821910992909019,8.205011985542775,業主,1912-1927,2-gram,1.1970313622216902,16708,3
茲業主,20,0,2,1.7357829611016955,7.8180274107775345,業主,1912-1927,2-gram,1.1970313622216902,16708,3
畝業主,6,0,2,1.7184215455524856,4.370107768098723,業主,1912-1927,2-gram,0.3591094086665071,16708,3
現業主,28,0,2,1.6543247254251812,8.772811536410304,業主,1912-1927,2-gram,1.6758439071103661,16708,5
商業主,10,0,2,1.6502401569324419,5.33027486098044,業主,1912-1927,2-gram,0.5985156811108451,16708,3
業主要求,6,0,2,1.619860084397979,4.119948687638295,業主,1912-1927,2-gram,0.3591094086665071,16708,3
營業主任,7,0,2,1.4882210283069544,3.781990142625677,業主,1912-1927,2-gram,0.41896097677759153,16708,3
業主鑒,5,0,2,1.4138500160900653,3.3091663586824347,業主,1912-1927,2-gram,0.29925784055542254,16708,3
限業主,9,0,2,1.412051725449969,4.340225535617884,業主,1912-1927,2-gram,0.5386641129997606,16708,3
業主限,9,0,2,1.4019994311324946,4.309398946564831,業主,1912-1927,2-gram,0.5386641129997606,16708,4
業主收,13,0,2,1.3697919659529987,5.015440762140908,業主,1912-1927,2-gram,0.7780703854440987,16708,3
業主應,25,0,2,1.327903313789053,6.6671498000055935,業主,1912-1927,2-gram,1.4962892027771129,16708,4
業主請求,5,0,2,1.2702118364417627,2.9733505648889333,業主,1912-1927,2-gram,0.29925784055542254,16708,3
然業主,5,0,2,1.0303498965355802,2.4122859702338006,業主,1912-1927,2-gram,0.29925784055542254,16708,3
應業主,18,0,2,1.0103109768930056,4.32732233641421,業主,1912-1927,2-gram,1.0773282259995212,16708,3
須業主,9,0,2,0.9727612846696094,2.9909659705437046,業主,1912-1927,2-gram,0.5386641129997606,16708,3
交業主,12,0,2,0.9647860592064177,3.4007917782775934,業主,1912-1927,2-gram,0.7182188173330142,16708,3
業主求,9,0,2,0.9574577266755777,2.9439678108213445,業主,1912-1927,2-gram,0.5386641129997606,16708,3
業主代表,11,0,2,0.9194060492382867,3.109218964269747,業主,1912-1927,2-gram,0.6583672492219297,16708,3
查業主,12,0,2,0.7686153721690765,2.709592459577013,業主,1912-1927,2-gram,0.7182188173330142,16708,3
倒閉莊主,7,0,2,6.2245025202102084,16.61683067626936,莊主,1912-1927,2-gram,0.41896097677759153,16708,3
號號主,5,0,2,5.712205222133612,3.8671766143539297,號主,1912-1927,2-gram,0.29925784055542254,16708,3
傳號主,15,0,2,3.00381132613734,11.663481880231764,號主,1912-1927,2-gram,0.8977735216662677,16708,3
現號主,9,0,2,2.0032017786384295,6.1238719448813645,號主,1912-1927,2-gram,0.5386641129997606,16708,3
車行主,12,0,2,3.639164719339635,12.694232391505185,行主,1912-1927,2-gram,0.7182188173330142,16708,3
傳行主,18,0,2,3.3210538042956084,14.019495946541056,行主,1912-1927,2-gram,1.0773282259995212,16708,3
告行主,6,0,2,2.9409155919405667,7.445948536850428,行主,1912-1927,2-gram,0.3591094086665071,16708,3
事行主,8,0,2,1.678372483347328,4.8532477846055775,行主,1912-1927,2-gram,0.4788125448886761,16708,3
時行主,5,0,2,1.0480912384170802,2.4450700297367307,行主,1912-1927,2-gram,0.29925784055542254,16708,3
元行主,11,0,2,0.9406245181852393,3.1551645847209357,行主,1912-1927,2-gram,0.6583672492219297,16708,4
傳茶館主,15,0,2,3.9264613611210573,14.962573014335103,館主,1912-1927,2-gram,0.8977735216662677,16708,3
梅花館主,11,0,2,1.8944074768422245,5.764115740537179,館主,1912-1927,2-gram,0.6583672492219297,16708,3
茶館主案,5,0,2,1.4372798873029193,3.3335787476619365,館主,1912-1927,2-gram,0.29925784055542254,16708,3
烟紙店主,6,0,2,6.19964714433886,13.679963519232517,店主,1928-1937,2-gram,0.6270247674783154,9569,4
鐘表店主,5,0,2,5.229988066855704,11.549387004072363,店主,1928-1937,2-gram,0.5225206395652627,9569,4
店主無意,82,0,2,4.953170801179735,42.567119952687136,店主,1928-1937,2-gram,8.56933848887031,9569,3
奉店主命,21,0,3,4.923067076614037,6.77319340516379,店主,1928-1937,3-gram,2.194586686174104,9569,3
起火店主,9,0,2,4.597994062629079,13.703388814650943,店主,1928-1937,2-gram,0.94053715121747306,9569,4
起火店主,6,0,3,4.381450572068694,5.480556170782102,店主,1928-1937,3-gram,0.6270247674783154,9569,4
店主婦,32,0,2,4.055502677497289,22.586319254894615,店主,1928-1937,2-gram,3.344132093217682,9569,5
店主投報,5,0,2,3.99405224945023,9.189789758764372,店主,1928-1937,2-gram,0.5225206395652627,9569,3
店主夥友,16,0,2,3.522012117255523,14.113899974280386,店主,1928-1937,2-gram,1.672066046608841,9569,3
店主店夥,7,0,2,3.4409312790781432,9.314787171743687,店主,1928-1937,2-gram,0.731528895391368,9569,4
發達店主,11,0,2,3.277963101214425,11.001964859586549,店主,1928-1937,2-gram,1.1495454070435782,9569,3
店主經理,47,0,2,3.2623715862145746,22.15623576837681,店主,1928-1937,2-gram,4.911694011913471,9569,3
店主報告捕房,12,0,3,3.2321459478105394,4.360200616888199,店主,1928-1937,3-gram,1.2540495349566307,9569,3
店主夫婦,10,0,2,3.111926467591171,9.993561536063314,店主,1928-1937,2-gram,1.0450412791305255,9569,4
逸店主,10,0,2,3.0650497413541165,9.847719795367007,店主,1928-1937,2-gram,1.0450412791305255,9569,5
店主急,25,0,2,3.0549270157770025,15.267210036810587,店主,1928-1937,2-gram,2.612603197826314,9569,4
逃逸店主,6,0,2,2.913265902209267,7.375515261248232,店主,1928-1937,2-gram,0.6270247674783154,9569,3
詢店主,12,0,2,2.8730885857151236,10.08185280911842,店主,1928-1937,2-gram,1.2540495349566307,9569,3
枚店主,9,0,2,2.8636951663780725,8.764176245128912,店主,1928-1937,2-gram,0.94053715121747306,9569,4
店主允,17,0,2,2.8506606810905044,11.82912116382687,店主,1928-1937,2-gram,1.7765701745218936,9569,4
店主鳴,8,0,2,2.839878565722632,8.222448825047886,店主,1928-1937,2-gram,0.8360330233044205,9569,4
木器店主,5,0,2,2.8362067290010042,6.60886457001862,店主,1928-1937,2-gram,0.5225206395652627,9569,3
店店主,35,0,2,2.795492138937786,16.49109200553773,店主,1928-1937,2-gram,3.6576444769568397,9569,4
店主察,11,0,2,2.7812494829733243,9.366258329097274,店主,1928-1937,2-gram,1.1495454070435782,9569,4
店主辭,7,0,2,2.748444032728291,7.479695971805156,店主,1928-1937,2-gram,0.731528895391368,9569,4
店主命,27,0,2,2.6774762687609037,13.92364063526784,店主,1928-1937,2-gram,2.8216114536524195,9569,3
店主姓名,8,0,2,2.5340498564344562,7.348269390956525,店主,1928-1937,2-gram,0.8360330233044205,9569,3
逃店主,14,0,2,2.4111763572342997,9.130363839670258,店主,1928-1937,2-gram,1.463057790782736,9569,4
商店店主,9,0,2,2.3982211064653893,7.355629692060411,店主,1928-1937,2-gram,0.94053715121747306,9569,3
店主子,18,0,2,2.37951481517937,10.173456663112193,店主,1928-1937,2-gram,1.8810743024349461,9569,3
店主學徒,7,0,2,2.371403637092294,6.46444196661464,店主,1928-1937,2-gram,0.731528895391368,9569,3
傳店主,27,0,2,2.2611054706870517,11.778095004432542,店主,1928-1937,2-gram,2.8216114536524195,9569,4
店主自行,6,0,2,2.233998376580718,5.672736068884981,店主,1928-1937,2-gram,0.6270247674783154,9569,4
店主東,10,0,2,2.222284772814582,7.168853113320662,店主,1928-1937,2-gram,1.0450412791305255,9569,3
店主店中,6,0,3,2.2145498069702882,2.8606927186368294,店主,1928-1937,3-gram,0.6270247674783154,9569,4
適店主,11,0,2,2.162122231260433,7.300040196266348,店主,1928-1937,2-gram,1.1495454070435782,9569,5
經理店主,15,0,2,2.1516638884066186,8.430054712599516,店主,1928-1937,2-gram,1.5675619186957885,9569,3
遭店主,9,0,2,2.1273574537278184,6.530569670589722,店主,1928-1937,2-gram,0.94053715121747306,9569,3
迨店主,5,0,2,2.098335772799233,4.904096570243036,店主,1928-1937,2-gram,0.5225206395652627,9569,4
旋店主,13,0,2,2.07366704631033,7.5857654801584635,店主,1928-1937,2-gram,1.3585536628696835,9569,4
店主報告,27,0,2,2.0479070802548547,10.674268670118527,店主,1928-1937,2-gram,2.8216114536524195,9569,3
店主婦,8,0,3,2.0432127455596865,2.1168260379087354,店主,1928-1937,3-gram,0.8360330233044205,9569,5
現店主,55,0,2,2.0169612462092816,14.882794477273166,店主,1928-1937,2-gram,5.747727035217891,9569,4
當時店主,11,0,2,2.006711451465284,6.778162412855992,店主,1928-1937,2-gram,1.1495454070435782,9569,5
命店主,13,0,2,1.9925928962255615,7.290696943778587,店主,1928-1937,2-gram,1.3585536628696835,9569,4
身死店主,9,0,3,1.9652106937251574,2.0631625044458013,店主,1928-1937,3-gram,0.94053715121747306,9569,3
告店主,12,0,2,1.9528027516943043,6.87691222302713,店主,1928-1937,2-gram,1.2540495349566307,9569,5
奉店主,24,0,2,1.9335903220674773,9.518913847650213,店主,1928-1937,2-gram,2.5080990699132615,9569,3
嗣店主,14,0,2,1.9128896407929044,7.25411317363503,店主,1928-1937,2-gram,1.463057790782736,9569,4
死店主,16,0,2,1.8514549600437342,7.488835412120181,店主,1928-1937,2-gram,1.672066046608841,9569,4
店主,44,0,3,1.8175274991914807,6.9976012882207925,店主,1928-1937,3-gram,4.598181628174313,9569,3
店主認,7,0,2,1.7774580604330477,4.853328927885914,店主,1928-1937,2-gram,0.731528895391368,9569,3
答店主,6,0,2,1.762767010888178,4.4816600617588005,店主,1928-1937,2-gram,0.6270247674783154,9569,3
諭店主,9,0,2,1.6960756514008595,5.21176094975995,店主,1928-1937,2-gram,0.94053715121747306,9569,4
店主投,10,0,2,1.4620107761295427,4.7242442150843,店主,1928-1937,2-gram,1.0450412791305255,9569,4
事店主,41,0,2,1.4146765657036275,9.052839941172115,店主,1928-1937,2-gram,4.284669244435155,9569,5
店主見,26,0,2,1.4078568359008456,7.213375420695396,店主,1928-1937,2-gram,2.717107325739367,9569,4
店主竟,7,0,2,1.3764839687574715,3.760999750702544,店主,1928-1937,2-gram,0.731528895391368,9569,3
押店主,7,0,2,1.3597878226832862,3.7154954645353047,店主,1928-1937,2-gram,0.731528895391368,9569,4
一面店主,5,0,2,1.3591538975326616,3.181085626256744,店主,1928-1937,2-gram,0.5225206395652627,9569,4
近店主,11,0,2,1.3331744837856707,4.508639450975745,店主,1928-1937,2-gram,1.1495454070435782,9569,3
店主店,8,0,2,1.3306598960950096,3.8703539434200747,店主,1928-1937,2-gram,0.8360330233044205,9569,3
店主拘,6,0,2,1.3169507657205375,3.3505477574095,店主,1928-1937,2-gram,0.6270247674783154,9569,5
店主願,11,0,2,1.3092580248499086,4.427907661026706,店主,1928-1937,2-gram,1.1495454070435782,9569,4
遂店主,13,0,2,1.2975992310625895,4.7536383820329915,店主,1928-1937,2-gram,1.3585536628696835,9569,5
知店主,23,0,2,1.2955979752090445,6.254199767263739,店主,1928-1937,2-gram,2.403594942000209,9569,4
店主女,10,0,2,1.180007026425614,3.8143854827586434,店主,1928-1937,2-gram,1.0450412791305255,9569,3
供店主,12,0,2,1.1486902315229788,4.050472163142259,店主,1928-1937,2-gram,1.2540495349566307,9569,4
間店主,18,0,2,1.1316028198108143,4.850696456174837,店主,1928-1937,2-gram,1.8810743024349461,9569,3
店主速,6,0,2,1.113729872847586,2.8341889248193155,店主,1928-1937,2-gram,0.6270247674783154,9569,3
店主深,6,0,2,1.1101681036341824,2.8251355718520266,店主,1928-1937,2-gram,0.6270247674783154,9569,3
晨店主,5,0,2,1.0904127252536062,2.5528892672254133,店主,1928-1937,2-gram,0.5225206395652627,9569,4
餘元店主,13,0,3,1.0700955771771379,2.8192916425358057,店主,1928-1937,3-gram,1.3585536628696835,9569,3
時店主,43,0,2,1.0225616388154055,6.700672921955387,店主,1928-1937,2-gram,4.49367750026126,9569,4
問店主,5,0,2,0.8719654163519852,2.0418595921444176,店主,1928-1937,2-gram,0.5225206395652627,9569,4
店主帶,7,0,2,0.8527017335562372,2.3311529280269103,店主,1928-1937,2-gram,0.731528895391368,9569,3
店主知,14,0,2,0.8059166875116754,3.0609409721531593,店主,1928-1937,2-gram,1.463057790782736,9569,3
交店主,9,0,2,0.8048286643269429,2.475783085261851,店主,1928-1937,2-gram,0.94053715121747306,9569,4
少數店家,7,0,2,5.237653869874427,14.115758005506308,店家,1928-1937,2-gram,0.731528895391368,9569,3
店家買,7,0,2,3.452029370288097,9.382412618788154,店家,1928-1937,2-gram,0.731528895391368,9569,4
店家門,10,0,2,3.420549847771048,10.974891017755176,店家,1928-1937,2-gram,1.0450412791305255,9569,3
伊東家,5,0,2,3.340517614359359,7.7843698907622585,東家,1928-1937,2-gram,0.5225206395652627,9569,3
棧棧主,6,0,2,6.496271986041556,16.07566642425262,棧主,1928-1937,2-gram,0.6270247674783154,9569,3
死棧主,5,0,2,4.044427379958793,9.304268493562937,棧主,1928-1937,2-gram,0.5225206395652627,9569,4
傳業主,14,0,3,6.854927411022295,11.022321603363102,業主,1928-1937,3-gram,1.463057790782736,9569,3
營業主任,5,0,3,4.991730595260176,2.9517641831761057,業主,1928-1937,3-gram,0.5225206395652627,9569,3
房產業主,48,0,2,4.824936178340295,31.26419891384854,業主,1928-1937,2-gram,5.016198139826523,9569,3
業主租户,15,0,2,4.476163265697425,16.73623983082254,業主,1928-1937,2-gram,1.5675619186957885,9569,3
通知業主,132,0,2,4.197722156895557,46.120902760013024,業主,1928-1937,2-gram,13.794544884522939,9569,3
業主翻造,14,0,2,3.7529088703966145,13.921366560235391,業主,1928-1937,2-gram,1.463057790782736,9569,3
業主方面,168,0,2,3.7028968608705455,46.410458347747884,業主,1928-1937,2-gram,17.55669348939283,9569,3
業主利益,46,0,2,3.7022407565236537,24.572422865730584,業主,1928-1937,2-gram,4.807189884000418,9569,3
業主房客,113,0,2,3.633083317526821,37.56567407140072,業主,1928-1937,2-gram,11.80896645417494,9569,3
現業主,32,0,3,3.529490897275362,15.468128211993836,業主,1928-1937,3-gram,3.344132093217682,9569,5
地產業主,28,0,2,3.4949407364670586,18.265665726810475,業主,1928-1937,2-gram,2.926115581565472,9569,3
業主同意,28,0,2,3.481671387892197,18.19636469657057,業主,1928-1937,2-gram,2.926115581565472,9569,3
業主自行,35,0,2,3.4027371714324444,19.86722639598747,業主,1928-1937,2-gram,3.6576444769568397,9569,3
業主姓名,32,0,2,3.3409801158297356,18.68749559019826,業主,1928-1937,2-gram,3.344132093217682,9569,3
業主住戶,6,0,2,3.310454103234789,8.299422643124343,業主,1928-1937,2-gram,0.6270247674783154,9569,3
業主租戶,5,0,2,3.2455008500674527,7.492645831193767,業主,1928-1937,2-gram,0.5225206395652627,9569,3
聲明業主,56,0,3,3.228383281617205,11.875003497532992,業主,1928-1937,3-gram,5.852231163130944,9569,3
房屋業主,96,0,2,3.13457654957395,30.176376332017952,業主,1928-1937,2-gram,10.032396279653046,9569,4
業主委託,18,0,2,3.091850914100831,13.107844763620063,業主,1928-1937,2-gram,1.8810743024349461,9569,3
業主迅,19,0,2,3.0445408193650003,13.258571543803875,業主,1928-1937,2-gram,1.9855784303479986,9569,3
要求業主,29,0,2,2.648027875328105,14.233020052498818,業主,1928-1937,2-gram,3.0306197094785245,9569,3
原業主,89,0,2,2.632366972464032,24.543840409150494,業主,1928-1937,2-gram,9.300867384261679,9569,4
業主代表,5,0,3,2.6222137851781975,5.653200270321076,業主,1928-1937,3-gram,0.5225206395652627,9569,3
業主收回,10,0,2,2.48750874425327,7.996388637165882,業主,1928-1937,2-gram,1.0450412791305255,9569,3
現業主,152,0,2,2.4758872653549098,30.033036369742376,業主,1928-1937,2-gram,15.884627442783989,9569,5
業主務,27,0,2,2.413553407686811,12.547814164721967,業主,1928-1937,2-gram,2.8216114536524195,9569,4
業主急,21,0,2,2.3170437798328494,10.66216180395773,業主,1928-1937,2-gram,2.194586686174104,9569,3
勸業主,7,0,2,2.2815363963318354,6.208662333243985,業主,1928-1937,2-gram,0.731528895391368,9569,3
業主代表,77,0,2,2.1930376861350283,19.098153084631498,業主,1928-1937,2-gram,8.046817849305048,9569,3
舊業主,29,0,2,2.0738044715597406,11.186963283663331,業主,1928-1937,2-gram,3.0306197094785245,9569,3
業主竟,25,0,2,2.0469533236601376,10.270013207086054,業主,1928-1937,2-gram,2.612603197826314,9569,3
業主權,12,0,2,2.019851588580913,7.102582966557547,業主,1928-1937,2-gram,1.2540495349566307,9569,3
業主速,24,0,2,1.8866570495813981,9.285327556412133,業主,1928-1937,2-gram,2.5080990699132615,9569,4
業主應,130,0,2,1.8719730037679598,21.10537870430726,業主,1928-1937,2-gram,13.585536628696833,9569,4
業主要求,13,0,2,1.829608374918858,6.690779936132014,業主,1928-1937,2-gram,1.3585536628696835,9569,3
仰業主,38,0,2,1.7573879227095777,10.836863011118137,業主,1928-1937,2-gram,3.9711568606959973,9569,3
業主限,27,0,2,1.6695563607780963,8.710271452520802,業主,1928-1937,2-gram,2.8216114536524195,9569,4
限業主,26,0,2,1.655711284095481,8.4806520512603,業主,1928-1937,2-gram,2.717107325739367,9569,3
查業主,49,0,2,1.5836911706787222,11.070622065690618,業主,1928-1937,2-gram,5.120702267739576,9569,3
業主請求,22,0,2,1.566679190589639,7.398160379249186,業主,1928-1937,2-gram,2.2990908140871564,9569,3
業主願,25,0,2,1.5478099975224775,7.779856710587582,業主,1928-1937,2-gram,2.612603197826314,9569,4
屋業主,14,0,2,1.5136692973917412,5.7423211558890355,業主,1928-1937,2-gram,1.463057790782736,9569,3
兹業主,6,0,2,1.4199740642968224,3.609630188977341,業主,1928-1937,2-gram,0.6270247674783154,9569,3
新業主,53,0,2,1.4098275866054801,10.247431640466687,業主,1928-1937,2-gram,5.538718779391786,9569,3
業主執,7,0,2,1.3705081906391077,3.742370680894782,業主,1928-1937,2-gram,0.731528895391368,9569,3
准業主,36,0,2,1.3290433953845402,7.990425127379134,業主,1928-1937,2-gram,3.7621486048698922,9569,4
應業主,75,0,2,1.3056192815399532,11.258379475613774,業主,1928-1937,2-gram,7.8378095934789425,9569,3
業主擬,19,0,2,1.2592182945598571,5.541068232018568,業主,1928-1937,2-gram,1.9855784303479986,9569,3
傳業主,17,0,2,1.2335856379172396,5.1434355980658255,業主,1928-1937,2-gram,1.7765701745218936,9569,3
畝業主,14,0,2,1.2216740132715898,4.637759407542188,業主,1928-1937,2-gram,1.463057790782736,9569,3
須業主,30,0,2,1.204232079584382,6.622855621091875,業主,1928-1937,2-gram,3.135123837391577,9569,3
業主鑒,8,0,2,1.1496272893873902,3.343296459110614,業主,1928-1937,2-gram,0.8360330233044205,9569,3
然業主,8,0,2,1.1349070057271682,3.3006402022702708,業主,1928-1937,2-gram,0.8360330233044205,9569,3
知業主,34,0,2,1.1110054061929953,6.4977365428612135,業主,1928-1937,2-gram,3.553140349043787,9569,4
租業主,16,0,2,1.110754138988018,4.498402474561185,業主,1928-1937,2-gram,1.672066046608841,9569,3
業主房屋,13,0,2,1.1086691050996578,4.0621591380812205,業主,1928-1937,2-gram,1.3585536628696835,9569,3
業主應,6,0,3,1.102157562621008,2.6784704513323834,業主,1928-1937,3-gram,0.6270247674783154,9569,4
業主繳,8,0,2,1.019174658541778,2.964610675425338,業主,1928-1937,2-gram,0.8360330233044205,9569,3
商業主,6,0,2,0.9901932555902113,2.5192757339326484,業主,1928-1937,2-gram,0.6270247674783154,9569,3
茲業主,36,0,2,0.9195663123913858,5.53272414038996,業主,1928-1937,2-gram,3.7621486048698922,9569,3
交業主,17,0,2,0.8484223183348059,3.539801979891234,業主,1928-1937,2-gram,1.7765701745218936,9569,3
業主求,10,0,2,0.6561418739762055,2.1220801332849786,業主,1928-1937,2-gram,1.0450412791305255,9569,3
業主收,16,0,2,0.6241297656684943,2.5293994921461205,業主,1928-1937,2-gram,1.672066046608841,9569,3
聲明業主,24,0,2,0.43808669946335144,2.1625926191221607,業主,1928-1937,2-gram,2.5080990699132615,9569,3
現號主,7,0,2,2.861870595818026,7.707300875510106,號主,1928-1937,2-gram,0.731528895391368,9569,3
號號主,9,0,2,2.0396843408428817,6.155790201581661,號主,1928-1937,2-gram,0.94053715121747306,9569,3
元行主,5,0,2,1.1040488482885573,2.559476075390662,行主,1928-1937,2-gram,0.5225206395652627,9569,4
梅花館主,6,0,2,1.5226157589353178,3.534317763470369,館主,1928-1937,2-gram,0.6270247674783154,9569,3
烟紙店主,5,0,2,6.6312336023146905,13.09014349016641,店主,1938-1949,2-gram,0.9832841691248771,5085,4
發達店主,34,0,2,6.146359339327392,32.01744687773569,店主,1938-1949,2-gram,6.686332350049164,5085,3
店主無意,41,0,2,5.457597860348539,32.56631440302831,店主,1938-1949,2-gram,8.06293018682399,5085,3
店主婦,12,0,2,4.68708015880538,15.996459054595293,店主,1938-1949,2-gram,2.359882005899705,5085,5
店店主,23,0,2,4.127596036972818,19.52376968831365,店主,1938-1949,2-gram,4.523107177974435,5085,4
逸店主,5,0,2,3.973756662200646,9.170977617447434,店主,1938-1949,2-gram,0.9832841691248771,5085,5
店主經理,27,0,2,3.9682076880573103,20.31154516799538,店主,1938-1949,2-gram,5.3097345132743365,5085,3
店主店,13,0,2,3.481405844155221,12.614046181199395,店主,1938-1949,2-gram,2.5565388397246807,5085,3
店主急,12,0,2,3.3559776219346507,11.717354083975856,店主,1938-1949,2-gram,2.359882005899705,5085,4
店主店中,9,0,3,3.1508574057144645,3.6634640893808723,店主,1938-1949,3-gram,1.7699115044247788,5085,4
經理店主,10,0,2,3.103390218960197,9.958752057859446,店主,1938-1949,2-gram,1.9665683382497543,5085,3
適店主,6,0,2,3.0584906788754096,7.735235477811075,店主,1938-1949,2-gram,1.1799410029498525,5085,5
商店店主,5,0,2,3.052686924497687,7.104659186246009,店主,1938-1949,2-gram,0.9832841691248771,5085,3
現店主,41,0,2,3.0361727731003483,19.159437724782958,店主,1938-1949,2-gram,8.06293018682399,5085,4
逃店主,6,0,2,3.0188212519070805,7.6365781169428715,店主,1938-1949,2-gram,1.1799410029498525,5085,4
當時店主,9,0,2,3.010556021336264,9.197377469917873,店主,1938-1949,2-gram,1.7699115044247788,5085,5
店主拘,7,0,2,2.8782193077785085,7.821560947670833,店主,1938-1949,2-gram,1.376597836774828,5085,5
店主東,8,0,2,2.8046017976460202,8.11412597057818,店主,1938-1949,2-gram,1.5732546705998034,5085,3
奉店主,10,0,2,2.7009764486018795,8.684244142721273,店主,1938-1949,2-gram,1.9665683382497543,5085,3
店主命,6,0,2,2.5976043611869097,6.5821532602153585,店主,1938-1949,2-gram,1.1799410029498525,5085,3
傷店主,5,0,2,2.5359581315945867,5.915435878610394,店主,1938-1949,2-gram,0.9832841691248771,5085,4
店主索,9,0,2,2.532671453957389,7.752935954532716,店主,1938-1949,2-gram,1.7699115044247788,5085,4
店主竟,7,0,2,2.460583811978142,6.698664161559069,店主,1938-1949,2-gram,1.376597836774828,5085,3
遭店主,5,0,2,2.326279886523843,5.4297829590002085,店主,1938-1949,2-gram,0.9832841691248771,5085,3
告店主,5,0,2,2.2137443919064026,5.168612140104179,店主,1938-1949,2-gram,0.9832841691248771,5085,5
近店主,10,0,2,2.162655396755809,6.964807857073083,店主,1938-1949,2-gram,1.9665683382497543,5085,3
店主願,11,0,2,2.015811168094393,6.795075911366915,店主,1938-1949,2-gram,2.1632251720747293,5085,4
遂店主,5,0,2,1.99884474911239,4.669067923626973,店主,1938-1949,2-gram,0.9832841691248771,5085,5
悉店主,5,0,2,1.9543838500243034,4.565602928425726,店主,1938-1949,2-gram,0.9832841691248771,5085,4
店主,20,0,3,1.9241914905116544,5.124462896412817,店主,1938-1949,3-gram,3.9331366764995086,5085,3
間店主,16,0,2,1.8177711145575928,7.327307575703175,店主,1938-1949,2-gram,3.146509341199607,5085,3
捕房店主,6,0,2,1.6837022998758608,4.276262011245282,店主,1938-1949,2-gram,1.1799410029498525,5085,3
事店主,14,0,2,1.5263588497558511,5.774318879519348,店主,1938-1949,2-gram,2.753195673549656,5085,5
少數店家,5,0,2,5.037707563612298,11.583157975294304,店家,1938-1949,2-gram,0.9832841691248771,5085,3
店家買,13,0,2,3.5192668518816115,12.714328044566386,店家,1938-1949,2-gram,2.5565388397246807,5085,4
店家,13,0,3,1.8827237324019053,3.2122916460871247,店家,1938-1949,3-gram,2.5565388397246807,5085,3
房產業主,32,0,2,5.00618004929448,25.400734076661493,業主,1938-1949,2-gram,6.293018682399214,5085,3
業主租戶,58,0,2,4.887561120707967,33.46905335442729,業主,1938-1949,2-gram,11.406096361848574,5085,3
業主委託,88,0,2,4.40838425125207,38.43663438168468,業主,1938-1949,2-gram,17.305801376597834,5085,3
茲業主,5,0,3,4.302780602052323,8.732233402917583,業主,1938-1949,3-gram,0.9832841691248771,5085,3
原業主,225,0,2,4.0365076458761395,56.59683518767667,業主,1938-1949,2-gram,44.24778761061947,5085,4
業主急,59,0,2,3.899726043911798,28.673287008869316,業主,1938-1949,2-gram,11.602753195673548,5085,3
兹業主,7,0,3,3.638760244168325,6.940134396160037,業主,1938-1949,3-gram,1.376597836774828,5085,3
業主翻造,5,0,2,3.5943056894799197,8.163117166640745,業主,1938-1949,2-gram,0.9832841691248771,5085,3
聲明業主,25,0,3,3.568367807551111,10.00111127918064,業主,1938-1949,3-gram,4.916420845624385,5085,3
業主迅,9,0,2,3.5190286273728444,10.522941469666762,業主,1938-1949,2-gram,1.7699115044247788,5085,3
仰業主,18,0,2,3.5176410349105542,14.68174264817794,業主,1938-1949,2-gram,3.5398230088495577,5085,3
地產業主,19,0,2,3.504116917292305,15.019307744404351,業主,1938-1949,2-gram,3.736479842674533,5085,3
業主收回,29,0,2,3.464891569354722,18.24919268035349,業主,1938-1949,2-gram,5.703048180924287,5085,3
業主住戶,16,0,2,3.4035337033740753,13.445309634621543,業主,1938-1949,2-gram,3.146509341199607,5085,3
業主方面,90,0,2,3.3966502331324593,31.19706421686829,業主,1938-1949,2-gram,17.699115044247787,5085,3
勸業主,9,0,2,3.3589292378435975,10.09602626497498,業主,1938-1949,2-gram,1.7699115044247788,5085,3
業主姓名,13,0,2,3.160788149710265,11.360090654164102,業主,1938-1949,2-gram,2.5565388397246807,5085,3
業主利益,14,0,2,3.145835195123879,11.719932386614428,業主,1938-1949,2-gram,2.753195673549656,5085,3
業主自行,11,0,2,3.1404848214970755,10.42388710377177,業主,1938-1949,2-gram,2.1632251720747293,5085,3
兹業主,28,0,2,3.0669846684799422,16.02992932026079,業主,1938-1949,2-gram,5.506391347099312,5085,3
房屋業主,117,0,2,2.934942503901347,30.911267057600647,業主,1938-1949,2-gram,23.008849557522122,5085,4
業主權,28,0,2,2.9258031521343186,15.319717632647732,業主,1938-1949,2-gram,5.506391347099312,5085,3
業主紛紛,5,0,2,2.7866268088368242,6.438598821575379,業主,1938-1949,2-gram,0.9832841691248771,5085,3
現業主,99,0,2,2.7588017046597777,26.856586539617695,業主,1938-1949,2-gram,19.469026548672566,5085,5
商業主,11,0,2,2.5309466406703773,8.480840078324682,業主,1938-1949,2-gram,2.1632251720747293,5085,3
業主同意,11,0,2,2.492219847131069,8.351335084610136,業主,1938-1949,2-gram,2.1632251720747293,5085,3
業主務,17,0,2,2.3254440026210297,9.622136400019025,業主,1938-1949,2-gram,3.343166175024582,5085,4
業主擬,27,0,2,2.3193117048006044,12.017960099968171,業主,1938-1949,2-gram,5.3097345132743365,5085,3
業主繳,15,0,2,2.294248442141148,8.938506655976777,業主,1938-1949,2-gram,2.949852507374631,5085,3
業主要求,12,0,2,2.265090083780306,7.929518771139067,業主,1938-1949,2-gram,2.359882005899705,5085,3
通知業主,16,0,2,2.240415193939207,9.011352219627076,業主,1938-1949,2-gram,3.146509341199607,5085,3
業主鑒,11,0,2,2.188395849236537,7.353570560706818,業主,1938-1949,2-gram,2.1632251720747293,5085,3
然業主,12,0,2,2.176701719624674,7.627453579398384,業主,1938-1949,2-gram,2.359882005899705,5085,3
業主房屋,60,0,2,2.171810005795402,16.65259005455595,業主,1938-1949,2-gram,11.799410029498524,5085,3
交業主,27,0,2,2.162738799223474,11.223031600948095,業主,1938-1949,2-gram,5.3097345132743365,5085,3
業主房客,16,0,2,2.1236411520097076,8.54724503914416,業主,1938-1949,2-gram,3.146509341199607,5085,3
業主應,64,0,2,2.08020784829558,16.472754093788453,業主,1938-1949,2-gram,12.586037364798427,5085,4
現業主,9,0,3,1.8893980552208176,5.1280347421247825,業主,1938-1949,3-gram,1.7699115044247788,5085,5
要求業主,7,0,2,1.729730222061853,4.710268754831352,業主,1938-1949,2-gram,1.376597836774828,5085,3
知業主,25,0,2,1.6931934901687051,8.485983470307401,業主,1938-1949,2-gram,4.916420845624385,5085,4
業主求,13,0,2,1.6464309113533186,6.012644407842012,業主,1938-1949,2-gram,2.5565388397246807,5085,3
房屋業主,5,0,3,1.6167904086184341,3.48059572085373,業主,1938-1949,3-gram,0.9832841691248771,5085,4
畝業主,17,0,2,1.5998476281765974,6.651126268487615,業主,1938-1949,2-gram,3.343166175024582,5085,3
業主請求,8,0,2,1.5725177254917497,4.56076927289384,業主,1938-1949,2-gram,1.5732546705998034,5085,3
准業主,14,0,2,1.552710176552981,5.879003094191436,業主,1938-1949,2-gram,2.753195673549656,5085,4
新業主,45,0,2,1.5457313337340222,10.331106796264809,業主,1938-1949,2-gram,8.849557522123893,5085,3
業主速,10,0,2,1.525656227023061,4.917842298523406,業主,1938-1949,2-gram,1.9665683382497543,5085,4
業主執,5,0,2,1.5035944218304858,3.5100255817536197,業主,1938-1949,2-gram,0.9832841691248771,5085,3
業主收,28,0,2,1.4983377349671665,7.9423586493072795,業主,1938-1949,2-gram,5.506391347099312,5085,3
屋業主,8,0,2,1.3774556366418924,3.998456706478058,業主,1938-1949,2-gram,1.5732546705998034,5085,3
限業主,15,0,2,1.332343624482263,5.219224718219005,業主,1938-1949,2-gram,2.949852507374631,5085,3
應業主,34,0,2,1.2775993866169406,7.45177574715186,業主,1938-1949,2-gram,6.686332350049164,5085,3
業主限,13,0,2,1.1539515709074273,4.221664994899041,業主,1938-1949,2-gram,2.5565388397246807,5085,4
業主代表,16,0,2,1.1412363933063499,4.614445276127417,業主,1938-1949,2-gram,3.146509341199607,5085,3
租業主,14,0,2,1.0966158876885763,4.158200529518663,業主,1938-1949,2-gram,2.753195673549656,5085,3
舊業主,8,0,2,1.0381563603996167,3.016472893991201,業主,1938-1949,2-gram,1.5732546705998034,5085,3
茲業主,44,0,2,1.0157294971259465,6.7253753213467995,業主,1938-1949,2-gram,8.652900688298917,5085,3
須業主,14,0,2,0.8790650446146375,3.33494015092499,業主,1938-1949,2-gram,2.753195673549656,5085,3
查業主,8,0,2,0.748175611334152,2.1752215989832493,業主,1938-1949,2-gram,1.5732546705998034,5085,3
營業主任,9,0,2,0.7341089359785102,2.127509452100636,業主,1938-1949,2-gram,1.7699115044247788,5085,3
號號主,6,0,2,2.069604706957152,5.079526866975253,號主,1938-1949,2-gram,1.1799410029498525,5085,3
梅花館主,17,0,3,3.5512023214550785,2.115050558814617,館主,1938-1949,3-gram,3.343166175024582,5085,3
梅花館主,17,0,2,3.1029542335657245,8.378718142681555,館主,1938-1949,2-gram,3.343166175024582,5085,3
